person_age,person_income,person_home_ownership,person_emp_length,loan_intent,loan_grade,loan_amnt,loan_int_rate,loan_percent_income,cb_person_default_on_file,cb_person_cred_hist_length,default
58,48024,MORTGAGE,34,MEDICAL,B,20508,23.629579851933613,0.5591446545971562,Y,7,1
48,78656,OWN,32,EDUCATION,B,5438,11.764619346345697,0.49683011297118373,N,5,0
34,136148,RENT,19,HOMEIMPROVEMENT,C,22888,23.277525806435925,0.39147404195151647,N,25,0
62,47285,RENT,15,MEDICAL,D,9381,24.620897245089314,0.3183573656166282,N,14,0
27,112436,OWN,33,DEBTCONSOLIDATION,F,6103,18.236214571488496,0.7281594088884179,N,28,1
40,136421,OTHER,1,PERSONAL,C,23004,21.337805790083365,0.03300779014139318,N,14,0
58,21605,OWN,34,VENTURE,C,17266,19.990911284421706,0.6175951173707663,N,28,1
38,91158,RENT,39,DEBTCONSOLIDATION,A,28886,18.990685152310476,0.7225085616816221,N,12,1
42,92303,OWN,27,VENTURE,A,12195,11.138621459624652,0.36262011774964154,N,6,0
30,47139,OWN,38,HOMEIMPROVEMENT,C,18296,6.141886758158874,0.44504548826181095,Y,2,0
30,97149,MORTGAGE,5,EDUCATION,C,15059,11.861034650393012,0.75612631342681,N,10,0
43,76138,RENT,8,EDUCATION,E,33639,18.33871970407813,0.1776992370755564,N,18,0
55,138205,MORTGAGE,19,EDUCATION,B,9302,7.0505839645560275,0.42090652974990106,N,23,0
59,96125,OWN,0,VENTURE,A,8807,5.238359659564842,0.3850296904312882,N,2,0
43,33918,OTHER,7,DEBTCONSOLIDATION,C,33714,7.793847452058773,0.21413019181759238,N,4,0
22,105655,RENT,22,EDUCATION,B,34659,19.314718528215906,0.6566886519947553,N,16,1
41,47446,OWN,2,DEBTCONSOLIDATION,A,12016,24.45587403312888,0.7206844698629563,N,27,1
21,144040,MORTGAGE,3,VENTURE,D,29586,24.661293992296407,0.627726738032685,N,22,1
43,33046,RENT,24,HOMEIMPROVEMENT,A,30980,14.879582982803758,0.16433357907040064,N,27,0
63,149922,MORTGAGE,37,DEBTCONSOLIDATION,D,9765,22.38704601984695,0.07853142204609144,N,24,0
49,44818,MORTGAGE,14,HOMEIMPROVEMENT,B,5954,19.73652911503008,0.4883011433912205,N,11,1
57,120894,RENT,20,VENTURE,B,26681,15.020804739692068,0.05510486080280831,N,9,0
21,135751,RENT,34,VENTURE,C,15886,16.455210659101738,0.5415324519608866,N,13,1
40,24324,MORTGAGE,13,PERSONAL,E,24827,7.7445429323374215,0.4290351340585217,Y,26,1
52,96323,RENT,35,VENTURE,C,21681,23.753229212331842,0.5336007288674943,N,23,1
31,29111,OWN,11,VENTURE,D,21952,12.038595414635536,0.4762349111832978,Y,16,0
41,58110,RENT,16,MEDICAL,A,34251,13.92298512914339,0.3439350299264665,N,28,0
63,36389,OWN,38,EDUCATION,D,22491,18.433204619957976,0.16869297231078034,N,10,0
44,142177,RENT,8,PERSONAL,B,10416,11.678049430531079,0.25150468729028597,Y,25,0
68,61427,MORTGAGE,34,PERSONAL,D,10643,10.08518321977861,0.42435545363299143,N,26,0
46,99579,OTHER,12,PERSONAL,C,26355,17.620987865404413,0.5249757939816087,Y,11,1
61,48746,OTHER,14,MEDICAL,F,16081,5.499681645636989,0.6257915833387775,N,21,0
47,142883,MORTGAGE,17,HOMEIMPROVEMENT,C,2407,19.41450224053358,0.6160648675747581,N,10,1
35,107886,RENT,32,VENTURE,A,29924,15.280467397530195,0.7784241071762574,N,16,1
34,127141,MORTGAGE,5,EDUCATION,A,23808,17.115074610418688,0.23581474444409348,N,24,0
66,20117,RENT,26,DEBTCONSOLIDATION,E,27457,17.637603184937703,0.06617745948861506,Y,22,1
63,145808,RENT,22,HOMEIMPROVEMENT,C,25964,15.541003129851275,0.2830689790780688,N,22,0
22,132221,RENT,26,VENTURE,D,24149,16.650675548814718,0.5972026354270206,Y,2,1
56,104471,OWN,33,MEDICAL,B,27625,18.67576401779749,0.35610820431630325,N,3,0
26,132613,MORTGAGE,37,VENTURE,B,6096,20.062376943593485,0.6560528601656413,Y,27,1
40,33234,MORTGAGE,13,VENTURE,A,16874,19.54904782572241,0.4439678284969519,N,20,1
28,149597,OWN,35,MEDICAL,F,4275,22.392329154645235,0.7445354608780974,N,15,1
58,123864,RENT,7,PERSONAL,D,27888,8.788868663348055,0.7588121191792644,N,9,0
37,73441,OTHER,34,PERSONAL,F,21529,13.02295938983595,0.06475055975481149,N,7,0
23,20846,OWN,18,EDUCATION,B,18945,23.955921320289143,0.3705666173728152,N,13,0
44,30954,OWN,29,EDUCATION,D,15145,12.931811487726595,0.49165435838715876,Y,27,0
33,99239,RENT,13,PERSONAL,D,31605,7.497401538118453,0.21213930724164812,Y,28,0
69,133689,MORTGAGE,19,HOMEIMPROVEMENT,B,14168,15.508902527243592,0.3315906557093944,N,16,0
28,66514,MORTGAGE,24,DEBTCONSOLIDATION,E,16460,7.189819451089243,0.5453684174829817,N,15,0
45,108236,RENT,39,VENTURE,F,11857,9.057064774557304,0.18912003924970555,N,22,0
21,117579,RENT,23,DEBTCONSOLIDATION,E,16304,24.966375131419134,0.48556526884981743,Y,2,1
39,148644,MORTGAGE,13,VENTURE,D,15126,15.827252767922639,0.5609837842498018,N,29,1
47,26469,MORTGAGE,25,PERSONAL,B,28632,10.68116778080858,0.08149208576573473,N,12,0
66,50105,RENT,37,EDUCATION,B,8451,24.895499091478122,0.4030481596616877,N,29,1
26,62101,OTHER,22,HOMEIMPROVEMENT,F,6949,24.331178371102865,0.21783322364011073,N,26,0
63,84323,RENT,21,EDUCATION,A,19565,13.814780821685272,0.5822652212384553,Y,4,0
27,111922,OWN,18,DEBTCONSOLIDATION,D,9630,10.208062175758169,0.159748851744183,N,20,0
66,78067,MORTGAGE,2,EDUCATION,D,24324,21.7679927618438,0.7148679532751041,N,19,1
54,69376,OWN,18,PERSONAL,D,32375,19.312414339435716,0.3504436558494783,N,21,0
33,65587,OWN,8,HOMEIMPROVEMENT,G,6554,18.738828700070208,0.1664223939429673,Y,29,1
36,56976,RENT,27,DEBTCONSOLIDATION,B,34773,22.86227482644945,0.35603721911676023,N,3,0
55,124587,RENT,19,HOMEIMPROVEMENT,B,11332,18.788342677426492,0.33290757261873705,N,26,0
69,147534,OTHER,6,VENTURE,A,30170,10.675958860830983,0.34884597800003114,N,29,0
59,87584,OWN,13,EDUCATION,C,23352,18.877263237514647,0.4725934218629831,N,27,1
23,124537,MORTGAGE,8,HOMEIMPROVEMENT,B,24120,11.11627022567328,0.42172724268169465,Y,8,0
21,98477,RENT,18,MEDICAL,B,28807,20.1847795931399,0.12832393402791312,Y,9,0
25,130911,RENT,13,EDUCATION,E,2051,17.39495708983132,0.061807467390842696,N,20,0
61,62533,RENT,37,VENTURE,F,28312,6.548231039695011,0.586238204493967,Y,23,1
23,21828,MORTGAGE,35,HOMEIMPROVEMENT,B,14299,15.256707248702842,0.4521767743833677,N,16,1
48,21917,RENT,39,DEBTCONSOLIDATION,C,26812,11.866019383914818,0.29361060678261836,N,11,0
37,40618,MORTGAGE,16,VENTURE,F,1949,11.571412654645885,0.6486026797734784,N,23,0
45,52254,OWN,29,MEDICAL,A,24926,17.045126047545146,0.31656619466615604,N,2,0
63,125292,OTHER,8,HOMEIMPROVEMENT,A,32051,11.446496489388498,0.63881242078448,N,7,0
53,136714,RENT,32,PERSONAL,B,24777,20.537874964097455,0.251547340734776,N,14,0
29,67362,MORTGAGE,24,EDUCATION,C,10137,6.415828720223489,0.0675477850607078,Y,15,0
55,40128,MORTGAGE,13,DEBTCONSOLIDATION,B,10324,18.20776504791651,0.746785358101944,N,4,1
33,143781,MORTGAGE,10,PERSONAL,F,27450,21.183896073134825,0.3216953921322848,N,12,0
50,131281,MORTGAGE,34,HOMEIMPROVEMENT,C,23988,18.456633798408603,0.6362271325510086,N,4,1
67,79383,MORTGAGE,13,HOMEIMPROVEMENT,C,715,14.944583900399914,0.23052386524562055,N,20,0
34,85545,OWN,29,VENTURE,B,12023,24.006140274723624,0.5206284385776883,Y,11,1
27,102180,RENT,3,HOMEIMPROVEMENT,C,10864,10.998769795961271,0.6999155898736054,N,28,0
33,107958,RENT,3,DEBTCONSOLIDATION,D,3653,5.383357750499556,0.04289877764858446,N,16,0
42,29865,MORTGAGE,27,PERSONAL,D,24334,13.639787429268818,0.6662022541020105,N,12,0
59,22219,OWN,7,DEBTCONSOLIDATION,D,34974,5.6602387180065445,0.46135307392782365,N,16,0
40,59809,MORTGAGE,1,MEDICAL,C,34835,24.078735050528174,0.4899026855877697,N,27,1
35,136748,OWN,21,MEDICAL,F,10900,9.19836091496103,0.4232948206367263,N,28,0
64,25287,RENT,15,EDUCATION,E,10845,20.77854047897759,0.7008353315940775,N,25,1
37,146593,RENT,28,EDUCATION,D,34396,20.491441663487297,0.044312352216153594,N,14,0
66,54387,MORTGAGE,29,MEDICAL,A,20394,9.35457799365867,0.21621242931332002,N,6,0
43,28512,OWN,11,HOMEIMPROVEMENT,A,29399,17.424530609603345,0.7018524056987328,Y,5,1
45,21342,RENT,34,DEBTCONSOLIDATION,B,28729,5.961579369729004,0.6043531050002453,N,14,0
44,83076,OWN,10,MEDICAL,D,6083,14.67149171407735,0.023939676541098617,N,10,0
64,128872,RENT,20,EDUCATION,C,5397,5.292942545449735,0.41843496373566985,N,26,0
60,39216,OWN,20,MEDICAL,C,6501,23.422877603616836,0.42836241776301315,N,18,1
48,137512,RENT,4,HOMEIMPROVEMENT,E,5067,24.521720483991434,0.32669688675104924,N,3,0
34,136682,MORTGAGE,19,MEDICAL,E,9771,9.445655332771706,0.24494073232897187,Y,25,0
64,113070,RENT,36,DEBTCONSOLIDATION,F,12203,9.162120691927456,0.5485626318257503,N,6,0
20,99767,OWN,2,PERSONAL,B,13829,20.074403531242595,0.17415446711675553,N,17,0
44,117829,RENT,32,HOMEIMPROVEMENT,D,6756,10.06758797658669,0.6411693640366478,N,8,0
26,46614,RENT,8,EDUCATION,B,728,22.9015311832369,0.6443993570063028,N,2,1
28,56258,RENT,8,DEBTCONSOLIDATION,B,25246,16.478582722459645,0.33805653568252825,Y,29,0
43,113789,OWN,3,MEDICAL,B,17178,12.015552460206242,0.23400292861862165,N,27,0
20,62078,OWN,34,MEDICAL,B,23685,21.6538749269884,0.23426376345666344,N,13,0
63,126288,RENT,16,PERSONAL,C,34186,14.868134008267903,0.391010145957006,Y,22,0
27,103524,MORTGAGE,33,EDUCATION,E,11945,23.23265827416951,0.5784675875519935,N,12,1
43,116573,MORTGAGE,23,EDUCATION,A,33766,23.56028473458762,0.29350626588514844,N,13,0
30,32219,MORTGAGE,31,VENTURE,D,3309,8.308403042568187,0.49193424291162374,N,20,0
36,20235,RENT,0,EDUCATION,C,6891,5.046468122638606,0.31216272386024957,N,27,0
27,62929,OWN,7,PERSONAL,B,645,24.678618802848046,0.2505733194295928,N,13,0
54,147309,RENT,22,VENTURE,C,14429,23.122750722549586,0.029639017573477387,Y,13,0
54,87444,RENT,39,VENTURE,B,24826,6.108904714076829,0.013092143530958604,Y,15,0
52,28567,OTHER,11,MEDICAL,C,30491,21.660685278821397,0.18949406548728354,N,3,0
24,121834,RENT,11,MEDICAL,C,17076,14.156098651184132,0.33106096657278644,N,3,0
61,90792,OWN,14,EDUCATION,B,28964,10.179232100499505,0.6824963222160276,N,26,0
58,85441,OWN,18,VENTURE,A,8743,22.574930473538597,0.6408025519150361,N,5,1
60,104555,MORTGAGE,25,MEDICAL,C,32101,8.933344647806145,0.22106055744451203,Y,21,0
47,93698,OWN,28,PERSONAL,F,2910,23.94599998840134,0.20318694995759648,N,24,0
26,144450,RENT,21,MEDICAL,B,2320,9.112429753986822,0.1895844361453217,Y,27,0
28,137248,RENT,39,HOMEIMPROVEMENT,D,7965,17.27366375457487,0.27799749901780496,Y,17,0
27,25415,OWN,20,HOMEIMPROVEMENT,D,32939,9.461726690579496,0.40357698845373147,N,11,0
31,56159,RENT,37,MEDICAL,F,27814,15.913373299372696,0.35654753990494464,N,14,0
53,63925,RENT,19,VENTURE,E,20083,18.679502598302825,0.1824358270373801,N,3,0
52,146523,RENT,28,VENTURE,C,27655,8.804558616402751,0.11305661385545825,N,4,0
67,25951,RENT,3,DEBTCONSOLIDATION,D,12697,15.417715654013584,0.019936471864094356,Y,20,0
42,107388,RENT,6,HOMEIMPROVEMENT,E,30011,14.38119488780238,0.13163095854653806,Y,7,0
43,28007,RENT,27,PERSONAL,C,15924,6.420748428066824,0.5672315324533534,N,20,0
56,146730,OWN,27,VENTURE,B,740,21.366156353506057,0.20247446978301054,Y,28,0
54,61832,MORTGAGE,3,EDUCATION,A,5131,11.713648012856835,0.38019542999599276,N,22,0
63,78596,MORTGAGE,21,HOMEIMPROVEMENT,E,10099,16.49164395103759,0.47712790764936336,Y,21,1
59,141101,RENT,11,PERSONAL,E,25158,15.295684698662688,0.7106043132369696,N,20,1
41,50523,RENT,2,PERSONAL,A,33074,15.265210091408845,0.7121955277308014,Y,9,1
46,108861,RENT,21,VENTURE,C,8495,7.1444478841697485,0.5991296496082736,Y,15,0
54,144194,OWN,1,PERSONAL,C,25686,13.469640184986655,0.037774023718316126,N,11,0
20,106740,MORTGAGE,23,VENTURE,A,29745,14.047335184131404,0.4643056310774778,N,4,0
54,35524,RENT,33,MEDICAL,G,23313,19.67285680728897,0.6314009419568901,Y,7,1
56,149028,MORTGAGE,26,HOMEIMPROVEMENT,B,13776,21.80037663841397,0.023657555363056935,N,16,0
66,39282,RENT,0,DEBTCONSOLIDATION,A,20489,15.899645562000359,0.44425084478869686,N,24,1
33,43930,OWN,7,MEDICAL,C,13246,6.73565908129981,0.6876336751709633,N,24,0
22,20077,MORTGAGE,22,HOMEIMPROVEMENT,D,19057,9.736989411930924,0.3845406399153909,N,19,0
20,125881,MORTGAGE,37,VENTURE,A,28560,8.298680537054622,0.013243900288984277,Y,15,0
24,145501,MORTGAGE,5,HOMEIMPROVEMENT,D,7068,7.492301263782495,0.01870055308512989,N,20,0
45,40611,MORTGAGE,21,VENTURE,C,19541,12.317985972356151,0.33914246955686295,N,29,0
33,36984,RENT,24,MEDICAL,A,6580,9.58787004308764,0.13245684725923612,N,27,0
58,34060,MORTGAGE,17,EDUCATION,B,14354,9.366062236230245,0.5349160191036751,N,11,0
46,102985,RENT,16,EDUCATION,C,2659,6.093863491525353,0.5699514192758617,N,16,0
28,104056,MORTGAGE,11,HOMEIMPROVEMENT,B,27525,5.353400895908678,0.1505250384138966,N,5,0
34,145329,OWN,5,EDUCATION,F,4868,7.055364852995636,0.7119412979343431,N,24,0
34,63303,MORTGAGE,25,VENTURE,E,34585,8.44394958847266,0.35910719753335146,N,3,0
45,79207,OWN,26,PERSONAL,G,27594,13.619674576964062,0.12284826699761975,Y,4,0
61,95046,OWN,7,VENTURE,B,1730,15.210405225976892,0.6137587624748224,N,8,1
32,49287,OWN,18,PERSONAL,F,18017,7.811838363467311,0.6340798550132506,Y,24,1
51,113709,MORTGAGE,0,MEDICAL,C,24491,13.495666830483726,0.5150434234057114,N,17,0
58,59711,RENT,28,DEBTCONSOLIDATION,B,1801,11.834976846518545,0.684237787030017,N,11,0
68,31954,RENT,34,PERSONAL,A,29110,8.668472869959121,0.5925246479042304,N,20,0
51,93340,RENT,39,EDUCATION,A,16427,5.1368149629672715,0.7069425324093226,N,29,0
23,92101,RENT,13,VENTURE,D,24966,14.340357330434834,0.3527715583035288,Y,18,0
49,91520,MORTGAGE,34,MEDICAL,C,15404,18.713034985303985,0.6006017311985595,Y,29,1
56,107062,RENT,19,EDUCATION,B,26581,9.52554668287614,0.7998037351089451,N,20,0
42,122974,OTHER,12,MEDICAL,D,24854,7.636136597933588,0.5826956460404992,Y,6,0
58,38574,RENT,37,DEBTCONSOLIDATION,B,28261,22.740854888939236,0.1002051863873344,N,24,0
64,29184,RENT,7,VENTURE,C,18800,10.500495449755956,0.4194717907190546,N,21,0
34,39096,MORTGAGE,19,HOMEIMPROVEMENT,C,29991,9.472252395853296,0.4740047550819921,N,14,0
62,87728,MORTGAGE,32,VENTURE,E,27032,22.141938792198317,0.1476264333063989,N,14,0
48,54016,OWN,25,DEBTCONSOLIDATION,E,6964,21.342141983335225,0.7706843910006498,N,12,1
55,31246,OWN,38,VENTURE,C,17062,13.966929410492671,0.1487080243313469,N,12,0
32,65558,MORTGAGE,20,HOMEIMPROVEMENT,C,9183,14.784777228555491,0.150270756573446,N,17,0
51,138721,RENT,8,PERSONAL,C,33134,9.35497409668044,0.7329820389998984,N,16,0
26,38381,OTHER,23,MEDICAL,E,560,6.5660334095911495,0.37751229216612014,N,18,0
41,147796,OTHER,36,HOMEIMPROVEMENT,B,9769,16.46863650711322,0.059918740626867806,Y,23,0
47,56455,MORTGAGE,16,EDUCATION,B,23565,6.966898431804262,0.48256812495143764,Y,19,0
21,112263,RENT,23,DEBTCONSOLIDATION,A,3395,13.985490939132996,0.4854428154201078,N,29,0
61,24018,MORTGAGE,20,PERSONAL,C,15823,23.809943970260214,0.060955599362383824,N,20,0
64,31302,RENT,38,EDUCATION,C,12852,24.05668778341169,0.7782927715505931,N,5,1
25,87506,RENT,38,EDUCATION,E,31390,9.786645730947171,0.4397836725827147,N,23,0
47,61157,RENT,12,DEBTCONSOLIDATION,B,32516,17.48226840091309,0.4522386205220138,N,23,1
47,74917,OWN,10,PERSONAL,C,12462,14.481525282157152,0.4208911774568917,N,24,0
63,112738,MORTGAGE,18,EDUCATION,E,33802,22.51370255172212,0.49247810591924984,N,6,1
63,116646,MORTGAGE,10,EDUCATION,E,20346,10.428617285521064,0.21879680469126642,N,8,0
39,103122,MORTGAGE,12,PERSONAL,C,4511,5.0740481366483365,0.23692066490012426,N,3,0
49,44519,OWN,0,VENTURE,C,20282,8.251224118628302,0.41395788093894487,N,2,0
30,116809,RENT,39,EDUCATION,B,2655,11.99045602338796,0.6472818252632279,N,13,0
47,107487,RENT,18,MEDICAL,F,9696,11.314422595409772,0.0493930154304013,N,11,0
44,76819,OTHER,11,PERSONAL,A,22209,20.827258382457718,0.48668932765399436,N,9,1
58,100910,RENT,7,EDUCATION,F,13827,18.611213322776756,0.6473547325799881,N,2,1
52,140430,MORTGAGE,7,DEBTCONSOLIDATION,D,33269,10.991126392297945,0.13396464490940946,N,13,0
20,91324,OWN,11,HOMEIMPROVEMENT,C,25200,14.154876343324268,0.021867808164647375,N,3,0
46,25408,OWN,32,MEDICAL,A,15320,6.9111820791667045,0.2570435031617519,N,28,0
32,79379,MORTGAGE,25,HOMEIMPROVEMENT,C,11391,22.962928896402016,0.47463352831638256,N,29,1
60,45053,OWN,38,HOMEIMPROVEMENT,C,5769,23.70849648897068,0.1192437069897507,N,11,0
22,29446,MORTGAGE,27,EDUCATION,B,8820,24.59607070761876,0.34663667306826357,N,23,0
58,20922,MORTGAGE,4,MEDICAL,D,11240,22.371056615716753,0.4463339829256796,N,18,1
25,118723,OWN,7,MEDICAL,G,31430,8.47921775392451,0.48311764485828057,N,27,0
27,71356,RENT,24,VENTURE,C,17785,5.923929664032577,0.22678525959029638,N,4,0
46,30789,OWN,26,HOMEIMPROVEMENT,D,14880,16.59193454825348,0.3260234124291702,N,8,0
28,117720,MORTGAGE,22,MEDICAL,A,11860,23.25210053766221,0.6248879909633714,N,13,1
56,86656,RENT,29,VENTURE,C,5898,8.547027233194857,0.7535596083553415,N,9,0
52,64028,OWN,22,PERSONAL,A,6029,5.140858292482838,0.6908854615834232,N,21,0
61,84484,OWN,19,VENTURE,D,29562,21.109920920644885,0.4557839663694112,N,13,1
63,52154,MORTGAGE,17,DEBTCONSOLIDATION,F,17951,6.5359136857346805,0.3341313143257178,N,4,0
43,102870,RENT,17,EDUCATION,D,7437,13.274120638200609,0.2730357253534204,N,18,0
34,22336,MORTGAGE,1,PERSONAL,A,11360,18.5777467437757,0.10871568720637427,N,29,0
51,123677,MORTGAGE,3,PERSONAL,C,25642,9.735951709123603,0.09417548530072925,N,10,0
51,87779,RENT,29,DEBTCONSOLIDATION,C,25779,6.679251268934534,0.5538025236817896,N,11,0
43,39029,RENT,32,VENTURE,C,14701,20.400424569116574,0.21523758877521673,N,23,0
60,79201,OTHER,35,EDUCATION,E,9497,17.60350169774083,0.21118273228163298,Y,7,1
68,52265,RENT,17,VENTURE,E,20675,24.769809689736096,0.7985740930374507,N,26,1
68,122916,MORTGAGE,36,MEDICAL,D,3725,11.886160666399185,0.15846150672029838,N,2,0
31,132250,OWN,18,VENTURE,C,23610,6.235247725803994,0.12696720999617545,Y,23,0
58,136553,RENT,27,PERSONAL,B,11254,19.687000706705916,0.08796132993033728,N,13,0
21,63872,MORTGAGE,39,EDUCATION,A,27155,15.434668377064913,0.468046222681769,N,6,1
22,66197,OWN,19,VENTURE,C,3614,9.264078627782702,0.5060124225416601,N,14,0
68,145733,OWN,32,EDUCATION,C,27002,20.634579780095187,0.2985300617429368,N,28,0
56,75180,RENT,11,EDUCATION,D,20528,9.075109716998874,0.43297653505405953,N,16,0
68,43710,OWN,14,MEDICAL,D,18087,10.213233096658731,0.632835629446481,N,23,0
36,49486,RENT,38,MEDICAL,A,3674,6.850571087334383,0.6563022929741813,N,12,0
68,91907,RENT,1,PERSONAL,C,4821,12.988645580617089,0.7667505398153622,N,9,0
21,148876,OTHER,28,DEBTCONSOLIDATION,B,30935,13.37858447874838,0.661171708879071,N,6,0
21,91895,RENT,9,EDUCATION,B,7599,15.291235806965968,0.456224735006767,N,3,1
47,84435,MORTGAGE,1,DEBTCONSOLIDATION,E,24260,19.17928534247555,0.15192900301110834,N,13,0
42,60631,RENT,10,PERSONAL,A,11860,23.122018573608514,0.0888132105852455,N,29,0
56,149038,MORTGAGE,12,EDUCATION,C,10813,7.754681977756173,0.05306439302957877,N,3,0
51,121532,RENT,9,EDUCATION,B,20962,6.086961966973141,0.5365554071104531,N,27,0
52,40103,OTHER,13,HOMEIMPROVEMENT,E,6301,5.370624671886666,0.6479536417644146,N,17,0
20,84772,OWN,17,DEBTCONSOLIDATION,C,14630,7.872427561376325,0.4118603210404225,N,22,0
38,146108,RENT,8,VENTURE,B,14771,18.15898971563252,0.05322419811857555,N,4,0
21,34382,RENT,38,MEDICAL,C,16575,19.549541559929935,0.4330217539271572,N,11,1
63,104291,RENT,27,VENTURE,D,19484,20.730114270562442,0.7492419166043949,N,20,1
45,121195,OWN,2,DEBTCONSOLIDATION,F,23059,9.874164238086854,0.4821144208366438,Y,9,1
51,23756,RENT,19,MEDICAL,B,13361,11.117896265230398,0.6494477158856238,N,8,0
25,40609,MORTGAGE,5,VENTURE,E,33934,14.662692911309989,0.642120592229483,N,2,0
51,134074,OWN,26,HOMEIMPROVEMENT,F,17167,6.26366193720453,0.7463819888267158,N,13,0
23,36478,RENT,1,MEDICAL,F,6340,17.222830464224923,0.6184807248634,N,29,1
30,120978,OWN,28,EDUCATION,D,4065,24.674700673515154,0.6006834060703408,N,6,1
36,59666,MORTGAGE,37,VENTURE,D,21477,12.216126227560052,0.19494110532680609,N,17,0
57,95683,RENT,2,MEDICAL,C,21618,20.05694950182768,0.057340872703654344,N,26,0
43,119097,RENT,15,HOMEIMPROVEMENT,D,23141,15.000678311392159,0.4189035773925081,Y,5,1
24,144714,RENT,29,MEDICAL,C,7866,7.556236887207655,0.1083030242779366,N,18,0
53,120420,MORTGAGE,39,MEDICAL,D,27136,16.644748976051726,0.7701347422596132,N,25,1
25,91315,MORTGAGE,1,HOMEIMPROVEMENT,C,16130,10.9974853688813,0.2390405624800926,N,22,0
41,97834,OWN,16,VENTURE,D,20556,5.688064169069165,0.6838259206735916,Y,3,0
30,146205,MORTGAGE,11,PERSONAL,E,7882,17.698594602354873,0.3162234539099429,N,13,0
67,34153,MORTGAGE,34,VENTURE,A,16649,22.178646986494552,0.2653234573873282,Y,2,0
35,129415,OWN,0,DEBTCONSOLIDATION,E,1492,11.895395337997483,0.7487752721775307,N,13,0
52,96325,MORTGAGE,14,HOMEIMPROVEMENT,C,7358,12.805910944255409,0.29702483194811696,N,13,0
28,129701,RENT,25,VENTURE,E,2621,22.820433659344232,0.31832744784387784,N,13,0
25,32999,RENT,36,MEDICAL,C,27660,21.272176267347117,0.09381250589419823,N,20,0
35,75318,RENT,20,HOMEIMPROVEMENT,C,21406,19.29905647103554,0.5396528655731824,N,26,1
48,20814,RENT,30,EDUCATION,F,20072,9.975941275062958,0.23818313743723568,N,18,0
22,135033,OWN,24,VENTURE,B,4636,23.20433309933289,0.47262729259321073,N,21,1
39,96077,MORTGAGE,22,HOMEIMPROVEMENT,E,17227,8.08831515078426,0.4771678462020355,N,25,0
55,110474,RENT,23,VENTURE,C,32667,17.535410388344438,0.578167759520656,N,25,1
38,22443,RENT,37,HOMEIMPROVEMENT,C,15979,5.576023610930374,0.5987407740762286,Y,27,0
45,95993,OWN,27,MEDICAL,B,31876,17.874396126498915,0.4164174231772162,N,29,1
22,95916,MORTGAGE,20,EDUCATION,C,5323,10.542887037467196,0.2714836386066884,N,12,0
38,93319,RENT,17,EDUCATION,B,5420,13.9935395436744,0.6715862069194398,N,14,0
39,145885,OWN,35,DEBTCONSOLIDATION,A,20085,11.905291041141062,0.2547938630327029,N,28,0
51,129777,RENT,34,HOMEIMPROVEMENT,B,17772,8.455135124924197,0.41093218463077186,Y,9,0
26,37368,RENT,8,VENTURE,A,27119,17.43961580187748,0.32698954073094516,N,11,0
60,35328,OTHER,37,EDUCATION,G,10033,22.63951110281215,0.6855119249160536,Y,9,1
52,76942,OTHER,29,EDUCATION,F,4220,24.181684845648068,0.35121563960520474,N,21,0
59,111751,RENT,33,PERSONAL,C,19767,8.846927263078301,0.3150183591816126,N,9,0
58,119131,OTHER,31,PERSONAL,D,16196,19.347455481259466,0.5549607173891337,N,10,1
37,47306,OWN,2,EDUCATION,B,30468,18.286787332113647,0.4859284767905398,N,8,1
59,105451,MORTGAGE,2,HOMEIMPROVEMENT,D,23845,11.867555791491451,0.09472499846171839,Y,15,0
20,59915,OWN,27,DEBTCONSOLIDATION,E,26193,5.381983987074516,0.41145335701173097,N,29,0
30,57219,OWN,14,EDUCATION,F,19885,18.795824946257323,0.5910279267832657,N,3,1
47,100879,OWN,22,MEDICAL,C,18622,23.909897211190003,0.7937390640271714,N,26,1
44,131939,MORTGAGE,39,VENTURE,D,1864,17.642402438313027,0.5070259988365521,N,12,1
69,84644,RENT,10,DEBTCONSOLIDATION,B,3208,13.705854483752681,0.30253152248864107,N,9,0
42,80279,RENT,31,MEDICAL,G,13482,15.503077882232567,0.18865976384367356,N,14,0
50,73028,RENT,35,DEBTCONSOLIDATION,A,17808,8.99257615319835,0.6995358849811231,Y,22,0
49,124263,MORTGAGE,32,MEDICAL,D,33419,20.01088327507475,0.6535065175696672,N,16,1
61,20126,RENT,23,VENTURE,D,25661,19.92839660019698,0.19479902841571406,N,29,0
54,72329,MORTGAGE,38,VENTURE,D,14365,7.910346007748499,0.16849935121579304,N,4,0
26,47632,OTHER,33,PERSONAL,A,995,22.55956764999318,0.5749580536808288,Y,24,1
35,127099,RENT,27,HOMEIMPROVEMENT,F,2648,10.383794789466105,0.25881212891582,N,15,0
45,85310,MORTGAGE,36,MEDICAL,B,33824,24.6451212187323,0.2520550507059467,N,16,0
67,129945,OWN,6,PERSONAL,D,13893,12.658060280744916,0.13030929518344767,N,3,0
68,75176,MORTGAGE,3,MEDICAL,B,2052,8.557681174689993,0.21854066057076565,N,20,0
21,139797,RENT,36,PERSONAL,B,33424,12.034402226913045,0.3477309704981932,N,13,0
20,106066,MORTGAGE,0,VENTURE,C,9426,13.803606573943863,0.5889422864452083,N,26,0
67,125500,MORTGAGE,0,DEBTCONSOLIDATION,C,31351,6.386155460765897,0.2756833945868623,N,21,0
31,146413,MORTGAGE,19,PERSONAL,B,24389,16.56436762446579,0.2695974281890757,N,5,0
24,64327,MORTGAGE,18,MEDICAL,B,8555,16.952648797378007,0.2350814695164243,N,4,0
56,88904,OWN,28,MEDICAL,C,5154,19.778609106989443,0.387844097333724,Y,6,0
51,23797,OWN,9,HOMEIMPROVEMENT,D,23134,5.583397845814866,0.1527029913736391,N,4,0
28,67882,MORTGAGE,17,VENTURE,E,32863,15.824764288676603,0.3936482798853792,N,26,0
60,33718,OWN,27,MEDICAL,A,11968,6.058148665413288,0.566298689393805,N,16,0
54,54560,RENT,34,EDUCATION,C,33422,19.02288439933307,0.03353449818577152,N,20,0
38,96589,MORTGAGE,30,DEBTCONSOLIDATION,A,17880,6.1145597140196895,0.017725710441551874,N,3,0
67,42116,MORTGAGE,26,PERSONAL,A,27370,23.234556966832653,0.06934709902206229,Y,13,0
35,56244,MORTGAGE,10,HOMEIMPROVEMENT,D,14759,19.04165133768993,0.4331714487652086,N,6,1
22,121721,RENT,37,DEBTCONSOLIDATION,D,15373,15.147795301703141,0.6850195157164687,N,23,1
39,21645,MORTGAGE,4,VENTURE,B,13516,13.8300784656235,0.013858728155999036,N,18,0
43,67523,RENT,7,HOMEIMPROVEMENT,B,653,7.613452608265248,0.749962430621898,N,15,0
52,144085,MORTGAGE,33,PERSONAL,A,8353,10.819987791293261,0.09396002414072328,N,29,0
43,137718,RENT,11,PERSONAL,E,12879,22.379182100417925,0.6751669871659988,N,28,1
30,39256,MORTGAGE,37,EDUCATION,G,16292,23.089056231249877,0.391455264336528,N,23,0
68,121376,OTHER,0,VENTURE,A,18600,5.014954167410622,0.5308923359502867,N,11,0
27,120158,RENT,30,HOMEIMPROVEMENT,B,11549,16.882727829551026,0.4134395577132741,N,4,1
55,73173,OTHER,3,HOMEIMPROVEMENT,E,1286,19.38601218050227,0.3868680978916902,N,5,0
57,57430,OWN,4,MEDICAL,F,4868,17.374939649152125,0.6695705484078693,Y,7,1
59,59282,MORTGAGE,29,EDUCATION,C,31199,6.63359529732708,0.607150239858575,N,25,0
39,139719,MORTGAGE,23,EDUCATION,A,27954,9.354497975978045,0.39188776685317334,N,26,0
54,83374,OWN,2,HOMEIMPROVEMENT,A,24100,10.00680534762772,0.09819238422288866,N,23,0
67,88244,MORTGAGE,10,HOMEIMPROVEMENT,C,29738,21.634492626101792,0.10116833785838243,N,17,0
44,31694,MORTGAGE,3,DEBTCONSOLIDATION,C,25741,14.26398872617841,0.6432161739680696,N,8,0
54,76264,OWN,25,DEBTCONSOLIDATION,A,20310,14.736564238824737,0.42821859086455144,N,16,0
44,95060,RENT,26,DEBTCONSOLIDATION,C,20667,23.697860931090172,0.3904554207732965,N,22,0
48,117416,MORTGAGE,26,EDUCATION,A,22311,17.74171777709431,0.547647804674965,N,29,1
37,77545,MORTGAGE,5,MEDICAL,D,20585,22.973354031053276,0.6884848508972656,N,26,1
65,138195,MORTGAGE,14,PERSONAL,B,9761,14.13017710683066,0.5068097840865111,N,21,0
37,59224,MORTGAGE,29,DEBTCONSOLIDATION,A,19233,7.988725170365885,0.6126498428537185,N,27,0
21,122516,OWN,36,MEDICAL,C,29579,23.598711881481712,0.6145637140523961,Y,12,1
54,117945,MORTGAGE,36,VENTURE,C,34480,14.174102313350765,0.2914465445464377,N,23,0
35,33224,RENT,36,DEBTCONSOLIDATION,G,14641,8.632628437576438,0.22652572455638662,N,22,0
60,60738,OWN,34,PERSONAL,C,9844,11.047914806078445,0.6429196130683754,N,2,0
55,45150,RENT,22,VENTURE,B,16396,6.0160517937788445,0.3079712455095524,Y,6,0
52,83731,RENT,5,VENTURE,D,24317,14.366011829127704,0.7236354451529371,N,14,0
23,69688,RENT,3,PERSONAL,B,30313,22.062563438204734,0.06505565041679451,N,22,0
52,119929,RENT,17,DEBTCONSOLIDATION,F,19395,23.671609120133787,0.05599183453951833,N,15,0
33,128618,MORTGAGE,8,EDUCATION,C,643,23.652044150072875,0.7423332864801125,N,10,1
40,93509,RENT,28,PERSONAL,C,11181,7.504600512574935,0.5222793822033336,N,18,0
67,28577,OWN,12,PERSONAL,A,7867,12.64107765022114,0.30988349159418255,N,16,0
39,28070,RENT,16,PERSONAL,C,3728,5.564575193014127,0.6064977277047845,N,22,0
27,146161,RENT,31,VENTURE,E,5082,22.103306899429455,0.5411381798949766,N,8,1
26,28666,RENT,21,MEDICAL,E,13647,12.175115240425477,0.429648826987481,N,28,0
22,77761,RENT,3,EDUCATION,B,11897,17.622340557844694,0.08810994070349457,N,23,0
36,141178,OWN,4,DEBTCONSOLIDATION,B,14147,19.29796876154577,0.6516218739612737,Y,23,1
52,56368,MORTGAGE,36,DEBTCONSOLIDATION,E,28218,13.596893394863107,0.6941583206376936,N,13,0
67,26783,OWN,12,MEDICAL,F,19597,11.12884673100486,0.1460132639565928,N,24,0
31,131530,OWN,33,PERSONAL,A,17607,24.244258202318893,0.6819042050618828,Y,7,1
41,61914,RENT,21,EDUCATION,C,3510,24.289764500477084,0.7034993757030857,N,22,1
41,90507,MORTGAGE,22,DEBTCONSOLIDATION,B,6055,10.788727360600438,0.4440486037079277,N,17,0
65,147738,OWN,2,HOMEIMPROVEMENT,E,567,14.592501934889162,0.5283814386159228,N,27,0
49,99026,OWN,33,DEBTCONSOLIDATION,A,28912,24.45688317320045,0.3119674828114482,Y,6,0
57,135893,RENT,31,PERSONAL,B,34805,5.0973681531100645,0.23261540153232016,N,10,0
57,131255,RENT,20,HOMEIMPROVEMENT,D,12049,13.253564967582985,0.5803666860917994,Y,15,0
64,130616,RENT,20,MEDICAL,A,6180,7.009150993619368,0.6908813677224885,Y,9,0
27,87526,RENT,10,EDUCATION,C,26239,15.183159311252052,0.5267212668350406,N,15,1
46,90835,OWN,38,MEDICAL,C,21709,5.493399090809743,0.4141565824107739,N,13,0
46,65765,OWN,3,MEDICAL,B,22932,13.137968627812558,0.13555056580689553,N,11,0
53,39956,OWN,0,EDUCATION,C,15616,9.413981495706702,0.05223238295780635,Y,21,0
40,107895,MORTGAGE,27,EDUCATION,C,20545,15.666167249174816,0.3620965142949297,N,21,0
49,66240,MORTGAGE,23,DEBTCONSOLIDATION,B,26827,24.91987298201399,0.04898615532096281,Y,27,0
52,141008,MORTGAGE,34,DEBTCONSOLIDATION,C,27405,21.010722102534952,0.45977435920670784,N,22,1
47,57148,OTHER,12,EDUCATION,E,7567,21.91284183248843,0.3123560611410393,N,14,0
66,114270,RENT,33,HOMEIMPROVEMENT,D,33059,17.70529974718162,0.6081794045487559,N,20,1
52,147978,RENT,10,VENTURE,B,18485,5.831196965445171,0.25146231250058493,Y,16,0
24,24757,RENT,35,DEBTCONSOLIDATION,A,27869,9.135953520882882,0.4784563337642714,N,9,0
67,39097,OWN,16,VENTURE,B,18364,23.501291128941098,0.4347699821865294,N,24,1
38,30395,MORTGAGE,34,HOMEIMPROVEMENT,C,23114,12.322262358575024,0.013722816162570517,N,22,0
23,36241,RENT,17,EDUCATION,C,16113,7.072734529615912,0.06718762462880518,Y,11,0
54,123892,MORTGAGE,39,HOMEIMPROVEMENT,D,6947,19.04810731732404,0.23939088786395624,N,4,0
68,47696,RENT,21,DEBTCONSOLIDATION,A,5999,10.989154478685093,0.7069657140064045,N,22,0
36,135654,MORTGAGE,23,MEDICAL,A,31815,10.377138258083434,0.12614181437082506,N,4,0
63,90480,RENT,18,EDUCATION,C,1799,24.959549111165206,0.5716065210638279,N,27,1
47,66163,RENT,36,PERSONAL,D,5494,22.162778500533086,0.778959587260307,N,6,1
49,39816,OWN,38,VENTURE,B,30378,13.15875636735682,0.6345483666260127,N,17,0
48,69840,RENT,20,HOMEIMPROVEMENT,D,16127,24.60522415632998,0.20192683573276474,Y,18,0
65,122547,RENT,7,EDUCATION,B,7989,18.002264468384272,0.7276085557263345,Y,7,1
25,72853,RENT,27,HOMEIMPROVEMENT,E,26611,19.840449037595207,0.08355465364162816,N,27,0
54,44917,MORTGAGE,4,EDUCATION,E,32855,5.630260861644231,0.3798321340778813,N,21,0
60,116731,OWN,16,DEBTCONSOLIDATION,B,8769,7.432105186961142,0.7111581071038668,N,21,0
56,41566,RENT,36,DEBTCONSOLIDATION,B,3331,17.661702529924767,0.5165999103129272,N,17,1
43,95452,OWN,35,DEBTCONSOLIDATION,C,12319,22.98047965298968,0.3367792061348821,N,25,0
48,82823,MORTGAGE,18,HOMEIMPROVEMENT,B,25313,17.474874521751914,0.24132216472236334,N,3,0
68,141392,RENT,26,PERSONAL,D,22137,7.680497886379836,0.3063285302014965,N,21,0
65,40806,OWN,33,DEBTCONSOLIDATION,E,2496,7.315200924926493,0.41206400699733614,N,16,0
50,95520,RENT,10,EDUCATION,D,3589,21.883717916481633,0.26204470459951784,N,19,0
54,21759,RENT,11,DEBTCONSOLIDATION,E,33791,7.786046774158287,0.7754846110450168,N,2,0
52,146092,MORTGAGE,20,MEDICAL,C,21159,15.404639210080509,0.7471313459222547,N,27,1
40,61949,RENT,10,DEBTCONSOLIDATION,B,30929,5.742266399246045,0.6978304598893135,N,20,0
51,112374,OWN,38,HOMEIMPROVEMENT,D,16232,6.613395347823547,0.3432455700628962,Y,13,0
42,22482,MORTGAGE,27,PERSONAL,C,20006,18.446965352857298,0.5561283977748309,Y,9,1
52,44442,RENT,4,MEDICAL,D,5690,18.783628208550333,0.7232351525584121,N,7,1
22,53719,OWN,16,HOMEIMPROVEMENT,B,5075,11.829388132168848,0.6818392952663531,N,13,0
37,78066,RENT,19,HOMEIMPROVEMENT,A,24206,9.312195304860895,0.3373183410759641,N,8,0
44,113501,OTHER,11,HOMEIMPROVEMENT,G,23384,21.27420541514616,0.09878497896458596,N,19,0
61,22079,OWN,5,EDUCATION,B,17699,9.342064589397808,0.06974798742929408,Y,23,0
50,22717,MORTGAGE,16,HOMEIMPROVEMENT,G,12979,15.840541393327594,0.46588059572830515,N,15,1
22,79676,OWN,18,EDUCATION,G,34678,24.36417681725811,0.5176760688166361,Y,9,1
59,47952,RENT,25,HOMEIMPROVEMENT,D,13165,7.957048757247676,0.6813756576316491,Y,25,0
65,106444,OWN,31,VENTURE,D,1034,23.817525349894176,0.24108686606941454,N,21,0
43,62460,OTHER,5,MEDICAL,C,26792,8.657861061373373,0.14230168753453357,N,23,0
69,110397,OWN,35,VENTURE,E,22969,16.348864160464593,0.3094146082107776,N,15,0
51,92847,MORTGAGE,37,HOMEIMPROVEMENT,B,1672,12.540154239174893,0.28932434766949733,Y,6,0
66,113607,MORTGAGE,10,MEDICAL,C,28414,24.298572030036517,0.11465047367410525,N,10,0
41,109106,RENT,32,MEDICAL,D,21401,10.470840580038738,0.5411032954853902,N,9,0
42,38449,RENT,23,PERSONAL,C,34909,12.993160041715072,0.41186663317620703,N,3,0
21,53536,OWN,22,VENTURE,C,19824,24.65720235710841,0.5796869773306654,N,29,1
46,84077,OWN,14,PERSONAL,B,9238,15.729407823769463,0.2886259849340904,N,17,0
61,58258,MORTGAGE,26,MEDICAL,C,24554,15.05260231242507,0.26730474714638486,N,14,0
21,68302,MORTGAGE,10,EDUCATION,E,30209,10.155569764079825,0.38333492390464596,N,8,0
45,145937,RENT,16,MEDICAL,B,20607,19.02727120620883,0.7031518028621662,N,17,1
36,48865,RENT,13,PERSONAL,F,863,5.287459035555553,0.04182223231984447,N,8,0
59,26645,MORTGAGE,26,VENTURE,D,10858,5.99025259404587,0.6458179256642129,N,28,0
52,139771,RENT,17,HOMEIMPROVEMENT,E,3740,16.987171742716054,0.3015002139996276,N,15,0
28,58000,MORTGAGE,27,HOMEIMPROVEMENT,C,7165,11.833491476369083,0.6851490303728974,Y,15,0
62,46737,OWN,3,VENTURE,D,2436,24.066327444019212,0.6437403769803267,N,13,1
67,31485,MORTGAGE,6,HOMEIMPROVEMENT,A,26038,23.063813814455713,0.28552138544290984,N,2,0
58,58565,RENT,34,HOMEIMPROVEMENT,E,12498,19.274125173534145,0.5581624629040767,N,2,1
48,45522,OWN,8,PERSONAL,A,1382,21.362911622556027,0.13610987785101772,N,13,0
61,139614,OWN,7,VENTURE,E,20724,18.34663699335387,0.7180624262093925,N,21,1
45,85155,OWN,16,DEBTCONSOLIDATION,G,31325,7.511642054203214,0.32954794091700845,N,22,0
54,75168,RENT,16,EDUCATION,B,5704,20.310867393784054,0.3699442361306082,N,16,0
69,72487,MORTGAGE,32,EDUCATION,B,29385,9.203839374376928,0.5675496503192181,N,5,0
44,149948,MORTGAGE,31,HOMEIMPROVEMENT,D,3703,11.468857102003936,0.6584637869968323,N,8,0
43,32342,RENT,7,EDUCATION,B,2744,21.384684242048404,0.1967107672292856,N,17,0
32,60806,RENT,18,VENTURE,E,33286,15.730512167868964,0.5324666105028264,N,4,1
26,68770,RENT,37,VENTURE,A,3583,22.198814283668185,0.31967845467242734,N,8,0
55,98623,OWN,2,MEDICAL,A,22084,9.260706396865285,0.30127530996312946,N,25,0
64,123177,OWN,4,MEDICAL,G,9021,17.155568772137745,0.5551204009131172,Y,23,1
39,119785,OWN,12,EDUCATION,D,34041,6.675819450965232,0.3158747865831881,N,7,0
20,95629,RENT,30,DEBTCONSOLIDATION,E,29563,17.861219870800593,0.28342571512988207,Y,17,1
27,140993,RENT,15,MEDICAL,B,5232,20.250680755510693,0.6703518424197316,N,25,1
65,72603,OWN,31,MEDICAL,D,28018,16.698617879574435,0.09000813782649503,Y,9,0
35,146944,OWN,21,VENTURE,C,30197,10.324630029976205,0.5439551720358665,N,24,0
33,132726,OTHER,28,DEBTCONSOLIDATION,D,3067,5.626853377177334,0.20649306109459348,Y,23,0
31,101974,RENT,21,HOMEIMPROVEMENT,D,16621,7.388977679285715,0.02224361104269034,N,7,0
42,125947,MORTGAGE,2,EDUCATION,C,2174,17.446059581480526,0.1417437724094267,N,11,0
34,46399,OWN,9,MEDICAL,C,11375,23.688404336850276,0.4892626085229355,N,17,1
47,148177,OWN,20,DEBTCONSOLIDATION,B,1239,9.130688079440128,0.5702104812738906,N,12,0
53,105382,MORTGAGE,15,DEBTCONSOLIDATION,D,2045,19.700522982101976,0.026635649009492834,N,14,0
21,101244,MORTGAGE,11,EDUCATION,B,29640,22.32902126498083,0.03877610020835892,N,7,0
51,129575,OTHER,1,DEBTCONSOLIDATION,D,9827,15.417643568950222,0.723008270725933,N,25,1
42,135520,RENT,23,DEBTCONSOLIDATION,B,5627,18.385315916873154,0.06791159630983867,N,2,0
41,130904,RENT,34,DEBTCONSOLIDATION,D,23831,21.30030633352296,0.7164039053070913,N,22,1
44,96534,MORTGAGE,29,MEDICAL,D,23504,10.213503154811871,0.19025107186321558,N,20,0
41,75106,OWN,29,EDUCATION,B,10992,10.937913485360859,0.5946140621249881,N,13,0
41,132599,RENT,34,DEBTCONSOLIDATION,A,14249,5.012550332569123,0.25468926666734953,N,25,0
68,50678,RENT,18,DEBTCONSOLIDATION,A,24008,24.26188261795605,0.6884141002312553,N,28,1
61,96218,RENT,7,MEDICAL,D,9545,23.350897891926895,0.5633593436852428,N,7,1
25,83230,MORTGAGE,25,EDUCATION,E,20616,20.291365275188607,0.3274326322953392,N,19,0
34,134684,RENT,39,VENTURE,A,19167,6.581520419532962,0.07027893879752284,N,14,0
62,94055,RENT,6,MEDICAL,D,10021,13.950057793990162,0.5888331452579376,Y,8,0
56,76373,RENT,29,EDUCATION,B,9169,7.037835079431057,0.49733895721249344,N,24,0
52,51480,RENT,6,DEBTCONSOLIDATION,C,27802,5.318405345255972,0.012300257088693105,N,14,0
27,105230,RENT,2,EDUCATION,F,11783,17.323659304251947,0.017441686218231806,Y,22,1
63,88836,OWN,0,EDUCATION,B,31435,24.216588341603767,0.6489464488222283,N,9,1
63,92258,RENT,35,HOMEIMPROVEMENT,C,7498,23.057360468643,0.21492579365346456,N,22,0
24,59986,MORTGAGE,24,EDUCATION,A,29306,18.93509629870809,0.5125455975051719,N,18,1
58,44160,RENT,36,VENTURE,A,32124,6.9328116832974285,0.36882939161454553,N,10,0
23,105595,OWN,0,EDUCATION,B,13940,10.483280753446003,0.6921097114721961,N,21,0
25,121358,MORTGAGE,14,VENTURE,A,22297,11.401134537705818,0.734399279350966,N,14,0
64,99111,MORTGAGE,36,DEBTCONSOLIDATION,D,1769,20.263001154911223,0.7974780930162947,N,3,1
51,84929,OWN,12,VENTURE,C,8368,21.04498358470228,0.13141046728772499,N,5,0
49,93506,RENT,39,DEBTCONSOLIDATION,C,30751,12.702122459798408,0.6917415967156256,N,26,0
66,54911,RENT,7,DEBTCONSOLIDATION,B,12873,13.357679932352193,0.22015688761575342,Y,3,0
54,107127,MORTGAGE,4,VENTURE,B,19487,5.890180785523427,0.4767445411674511,N,5,0
59,51821,OTHER,8,MEDICAL,D,16234,10.78273436837522,0.40956053875667664,N,19,0
35,95039,MORTGAGE,0,PERSONAL,F,18564,14.0257035435528,0.024210623942186246,N,6,0
32,80535,OWN,35,EDUCATION,A,8933,7.339660927705152,0.7468893111258149,Y,20,0
69,133453,MORTGAGE,34,HOMEIMPROVEMENT,E,9611,14.065349215100426,0.07187837356788257,N,11,0
61,104458,OWN,1,PERSONAL,C,15547,22.06351624515601,0.5536929463321113,N,19,1
49,32175,RENT,39,EDUCATION,C,8584,16.626420394501068,0.630155400604527,N,26,1
38,139235,OWN,22,EDUCATION,C,22251,6.578597100768246,0.6382774007476706,N,22,0
36,74771,OTHER,8,DEBTCONSOLIDATION,A,16953,8.833426376605487,0.11704066995378738,N,11,0
38,126660,RENT,33,EDUCATION,A,20808,14.490887003171125,0.36358026090129797,N,6,0
47,147157,MORTGAGE,13,HOMEIMPROVEMENT,D,30577,12.229742996436242,0.6652488076428441,Y,18,0
45,141300,RENT,3,EDUCATION,B,25003,12.174540390921976,0.2491165761992162,N,23,0
56,106925,OWN,29,VENTURE,F,3279,15.585348962871803,0.37952145354598427,N,14,0
45,133374,RENT,30,PERSONAL,C,21804,16.68791843178915,0.2255071752328782,N,24,0
42,86358,OWN,37,VENTURE,A,1255,20.93723140552382,0.3762056201294061,N,18,0
28,37327,MORTGAGE,10,HOMEIMPROVEMENT,D,17900,11.819331269249693,0.7113919588483752,N,10,0
31,67057,RENT,34,EDUCATION,B,14749,21.109325660811734,0.3695481425158879,Y,25,0
20,26150,MORTGAGE,7,HOMEIMPROVEMENT,C,25100,11.772224582252651,0.44917049348871313,N,13,0
20,24425,MORTGAGE,2,DEBTCONSOLIDATION,D,19722,6.108659778824677,0.32914126380943604,N,15,0
66,143654,MORTGAGE,13,VENTURE,F,34005,16.083753020095823,0.3734925747306272,N,15,0
53,36032,RENT,12,VENTURE,D,29648,16.75804649789629,0.02198761724667314,Y,9,0
51,22198,RENT,31,MEDICAL,D,22802,23.6908049124372,0.23415895286876026,N,24,0
67,80500,RENT,33,EDUCATION,D,3123,19.52122652124949,0.3548995601760413,N,6,0
44,73394,OTHER,18,DEBTCONSOLIDATION,F,9146,23.35545304988879,0.5106996110342559,N,20,1
59,40079,MORTGAGE,37,VENTURE,B,14043,23.16694420486019,0.3655410251375748,Y,29,0
64,56220,OWN,15,VENTURE,A,29460,17.091482205164844,0.2768754642240356,Y,15,0
20,61874,MORTGAGE,1,DEBTCONSOLIDATION,B,23285,15.55524130672895,0.31659800092188417,N,10,0
35,33859,OWN,39,HOMEIMPROVEMENT,B,13317,16.148819343272,0.20141173006836857,N,8,0
58,70460,OWN,16,HOMEIMPROVEMENT,D,31906,24.566616153544956,0.7403504833915018,N,28,1
24,51419,RENT,33,EDUCATION,D,23956,20.463353834939177,0.42217714837482256,N,27,1
41,138865,MORTGAGE,15,MEDICAL,C,24277,7.125318095847916,0.020593468558977257,Y,27,0
48,28705,RENT,37,VENTURE,A,21414,20.568568135628,0.025362544151441825,N,9,0
22,62880,MORTGAGE,1,MEDICAL,D,30053,8.410760977964518,0.7786396916121129,Y,15,0
31,149838,MORTGAGE,1,HOMEIMPROVEMENT,B,24048,13.947010980112513,0.1849462041848636,N,23,0
45,43236,MORTGAGE,25,HOMEIMPROVEMENT,D,7227,9.209193443530685,0.6464305481633086,N,29,0
35,107955,RENT,12,PERSONAL,C,32927,18.791661310664594,0.056037488232853844,N,15,0
56,105514,RENT,30,EDUCATION,B,17192,22.54619472386071,0.7377185619886938,N,12,1
41,123145,RENT,33,PERSONAL,A,32125,10.80723770733362,0.700789432896676,N,15,0
48,35358,RENT,38,PERSONAL,A,25418,6.640214824163753,0.46116359832326664,N,22,0
33,119713,RENT,2,PERSONAL,E,16077,10.969861961499266,0.017108939253772062,N,9,0
47,114914,MORTGAGE,7,EDUCATION,F,20119,18.447237158643887,0.2136705904784367,N,4,0
24,122870,OWN,22,EDUCATION,D,34210,11.575202551089,0.33138989144478737,N,29,0
66,96918,RENT,13,DEBTCONSOLIDATION,A,16695,10.562243351076068,0.37345065223057383,N,24,0
68,139179,RENT,26,MEDICAL,C,28189,8.688703811685299,0.24516621926427393,N,19,0
49,136243,OWN,28,MEDICAL,D,11654,14.950328537488671,0.036028815913968684,N,4,0
65,34596,OWN,38,DEBTCONSOLIDATION,D,29912,10.518976563143752,0.4762006506819683,N,14,0
24,53572,OWN,38,DEBTCONSOLIDATION,A,21841,19.62020698278966,0.42408218747885723,N,13,1
31,98757,MORTGAGE,0,HOMEIMPROVEMENT,A,32518,6.532448039844054,0.23357050198897142,N,16,0
35,21279,OWN,16,PERSONAL,D,9645,18.280660662226353,0.04000101437998916,N,19,0
45,83197,OTHER,29,DEBTCONSOLIDATION,C,22723,9.751200291355397,0.7957294079053328,N,6,0
45,131496,MORTGAGE,12,VENTURE,B,3380,14.785585221032063,0.3907690875928607,N,8,0
67,82516,RENT,20,MEDICAL,A,21771,10.721798440625212,0.6072433510015209,N,12,0
40,27083,MORTGAGE,18,DEBTCONSOLIDATION,C,33813,19.455373520215915,0.3673280876905551,N,27,0
58,140674,RENT,18,VENTURE,E,13804,23.906140805032734,0.044104529781723745,Y,28,1
55,140307,MORTGAGE,24,VENTURE,F,30725,23.341535589396265,0.25458458861754507,N,12,0
52,146457,RENT,21,VENTURE,C,21036,16.66852430288182,0.262887011394662,N,28,0
49,129397,MORTGAGE,30,HOMEIMPROVEMENT,C,31331,14.252206065139568,0.6722987941987226,N,16,0
56,37771,MORTGAGE,16,HOMEIMPROVEMENT,A,12173,21.366010188787637,0.5268416826199008,N,11,1
42,49975,MORTGAGE,22,VENTURE,C,22417,18.666527252554598,0.22758962387518356,Y,16,0
29,65648,MORTGAGE,31,HOMEIMPROVEMENT,C,28329,8.671282284338657,0.774514564180678,N,14,0
24,145641,RENT,9,PERSONAL,D,15872,21.418384272260006,0.2640180475943184,N,15,0
55,68285,RENT,9,VENTURE,C,26438,13.577687787894204,0.7986048804046891,N,18,0
53,39063,OWN,35,PERSONAL,B,3163,8.779713199423503,0.796969317604508,N,14,0
50,87642,RENT,7,PERSONAL,A,9965,10.635947007929849,0.16105630901992604,N,11,0
29,110093,MORTGAGE,19,VENTURE,B,3826,10.350540604966847,0.25706548178883615,N,26,0
38,134390,RENT,31,MEDICAL,A,4159,15.384139492069203,0.39397491680287683,N,2,0
51,106143,OTHER,13,VENTURE,B,28094,9.68740181355751,0.5346395302068339,N,2,0
20,57599,OWN,27,VENTURE,G,5263,7.471329748031524,0.42715748471300147,Y,16,1
24,71920,MORTGAGE,23,HOMEIMPROVEMENT,C,23621,7.473817012275214,0.7758587606144829,N,17,0
64,48529,RENT,14,VENTURE,C,11328,16.66552394278193,0.5819514397461963,N,13,1
23,55954,MORTGAGE,21,MEDICAL,E,11721,19.69518577698757,0.1775154310125498,Y,27,1
35,47856,MORTGAGE,29,HOMEIMPROVEMENT,G,11711,11.430660176766816,0.09302706466877426,N,25,0
43,22573,OWN,3,EDUCATION,C,14069,5.693014196280341,0.5538370196603919,Y,7,0
35,98344,OWN,12,EDUCATION,E,31858,7.544497738740215,0.13517742774280278,N,7,0
21,55367,MORTGAGE,22,PERSONAL,B,6522,23.293891206741144,0.6322647038652458,N,13,1
68,122337,RENT,7,PERSONAL,B,14015,14.87087319178906,0.2557189671356662,N,26,0
47,126732,OWN,17,MEDICAL,C,6659,14.071456192303495,0.26824567781392916,N,16,0
51,119608,RENT,11,DEBTCONSOLIDATION,D,22191,5.760983566201818,0.018530729987714455,N,5,0
46,80774,RENT,30,EDUCATION,D,25404,19.57274044633798,0.5637989010050822,N,25,1
39,43752,RENT,13,PERSONAL,B,3544,15.561361618641579,0.09948310492110177,N,5,0
43,75029,RENT,33,EDUCATION,A,10112,9.041618721730416,0.6205756561961794,N,3,0
31,37685,RENT,17,MEDICAL,D,6136,7.201475203621143,0.3985755793145934,N,28,0
69,71693,RENT,33,MEDICAL,A,12093,12.667757272639971,0.6295810538141097,N,25,0
54,136739,OTHER,10,DEBTCONSOLIDATION,C,3392,21.743239283900515,0.47130196596621565,Y,13,1
52,75961,OWN,11,DEBTCONSOLIDATION,D,22172,22.30589118402049,0.0751222848950027,N,8,0
52,126937,OTHER,14,HOMEIMPROVEMENT,D,6312,17.056927607912726,0.6148653459970946,Y,21,1
62,144956,OWN,30,MEDICAL,D,31585,19.550728544602855,0.0651415930668523,N,10,0
56,96908,RENT,28,PERSONAL,E,1154,7.303115748057407,0.3881743592497725,N,10,0
31,145537,OWN,25,EDUCATION,C,17643,16.762521309357098,0.14615587917452103,Y,9,0
22,146678,OWN,17,VENTURE,D,2298,18.339314069743637,0.6043447906025291,N,15,1
20,94532,RENT,31,DEBTCONSOLIDATION,D,29587,9.014256858275845,0.73015706996684,N,2,0
52,101994,OWN,21,VENTURE,B,12118,22.60309465820518,0.44775966905303666,N,24,1
59,76133,RENT,37,PERSONAL,A,8946,8.899934750420396,0.42644636249635265,N,22,0
29,117425,OWN,16,DEBTCONSOLIDATION,B,22146,11.269547196929008,0.6135309250972382,N,24,0
62,145055,MORTGAGE,22,VENTURE,C,27700,17.41113694046917,0.014012262250824496,Y,13,0
63,81268,RENT,23,PERSONAL,D,30071,17.767001302614617,0.735029327681777,N,26,1
48,112201,RENT,7,EDUCATION,E,23038,18.987694819747347,0.16598456550199406,N,3,0
32,58243,MORTGAGE,5,PERSONAL,B,21400,7.2402342613641135,0.7874539182227275,N,14,0
31,77384,OWN,4,HOMEIMPROVEMENT,A,22856,21.989288598571108,0.5916406188887652,N,28,1
50,51653,RENT,28,DEBTCONSOLIDATION,F,23523,15.656942645665197,0.6216584066835301,N,5,1
65,46657,OTHER,27,MEDICAL,A,17892,14.426435882101368,0.5284003544951492,N,21,0
21,59952,RENT,10,EDUCATION,C,21198,24.621952490270193,0.38261391440027664,N,19,0
69,42180,MORTGAGE,0,VENTURE,C,27035,19.807565938820396,0.4615858777553208,Y,20,1
54,117432,OTHER,18,DEBTCONSOLIDATION,C,34257,7.360120532387498,0.04665827995194927,N,17,0
42,141829,RENT,8,MEDICAL,A,12976,20.130783344524815,0.5029280124512913,N,28,1
36,148377,RENT,26,PERSONAL,A,5211,6.90497867945739,0.504617500569767,Y,15,0
45,98411,RENT,33,MEDICAL,A,6979,5.549411250259697,0.7140486299474296,N,9,0
27,21622,RENT,3,DEBTCONSOLIDATION,C,31890,13.072517905397943,0.40946852236987336,N,13,0
48,68756,RENT,35,DEBTCONSOLIDATION,C,13661,24.871563456384372,0.0709440555279882,N,10,0
45,60809,MORTGAGE,17,HOMEIMPROVEMENT,B,32652,8.497678723897252,0.2518947771808442,N,7,0
29,36725,RENT,14,HOMEIMPROVEMENT,D,15135,18.4528868705358,0.5279472355703109,N,27,1
45,81396,OWN,12,MEDICAL,E,30797,8.467921324122386,0.1990145015736565,Y,19,0
53,71226,OTHER,18,PERSONAL,A,21336,19.49573949916772,0.23161697926576674,N,3,0
60,126296,MORTGAGE,5,MEDICAL,C,25331,15.107073364756523,0.6581705229250743,Y,24,1
26,101182,OWN,11,DEBTCONSOLIDATION,D,1507,18.599434201787524,0.47161258809254014,N,9,1
23,102565,RENT,36,DEBTCONSOLIDATION,B,26831,9.057463518284692,0.41173667110112233,N,25,0
69,49402,OWN,16,VENTURE,B,11263,19.91256665041004,0.26157705377658547,N,15,0
64,24263,OWN,22,HOMEIMPROVEMENT,D,4408,24.912381192454134,0.5874331483870964,Y,7,1
30,143489,OWN,25,VENTURE,E,28073,18.313010012519193,0.23729756324712317,N,11,0
48,116523,RENT,28,EDUCATION,E,19687,14.869599961457553,0.5922801789388985,N,9,0
55,66828,MORTGAGE,32,DEBTCONSOLIDATION,C,12457,23.463479772385295,0.0653801694112792,N,18,0
44,140824,OWN,26,VENTURE,D,4879,5.317036844637526,0.6929876598498461,N,26,0
40,67924,RENT,24,MEDICAL,C,28459,19.59847038571642,0.4046575060669869,N,13,1
55,94182,RENT,9,HOMEIMPROVEMENT,D,16982,22.774930336276256,0.35642133319218633,N,18,0
29,113065,OWN,22,HOMEIMPROVEMENT,C,27605,6.233491672419149,0.4927084951181204,Y,14,0
56,79052,MORTGAGE,20,PERSONAL,B,1377,14.001283408315164,0.5031117375880536,Y,20,0
28,31664,MORTGAGE,20,MEDICAL,D,18752,9.094389078999978,0.11430778974309648,N,13,0
43,55737,MORTGAGE,12,PERSONAL,C,31834,16.3303633117566,0.6074245359548085,Y,17,1
54,121332,RENT,36,VENTURE,C,19549,17.99085917207321,0.2279833553805497,N,26,0
68,109563,OWN,32,EDUCATION,F,18272,11.0524636585751,0.7249198853342321,N,28,0
54,49373,OWN,23,MEDICAL,A,3137,14.199633393562017,0.6561020240977177,N,6,0
67,137369,RENT,10,MEDICAL,B,7742,10.58678970553119,0.2835501728124513,Y,26,0
55,56397,RENT,16,MEDICAL,A,34472,12.387823289102275,0.6481140416285645,N,17,0
37,148575,MORTGAGE,3,PERSONAL,D,17428,8.190799133768472,0.2915484944469243,N,26,0
68,106145,RENT,24,VENTURE,D,29242,22.71118887171263,0.0897486684924721,N,7,0
58,121371,OWN,29,MEDICAL,B,12331,5.200208211182728,0.7698917085933094,N,12,0
51,58709,RENT,8,MEDICAL,D,20056,22.64818372887577,0.5255555920201976,Y,18,1
43,136074,RENT,20,HOMEIMPROVEMENT,C,25843,16.43357756699477,0.37031862606344745,Y,27,0
42,81120,RENT,19,EDUCATION,D,23334,11.63315688354035,0.32424094770952133,Y,24,0
51,39250,OTHER,18,HOMEIMPROVEMENT,C,33922,19.461142509206596,0.26651721406402856,N,15,0
56,41172,MORTGAGE,18,HOMEIMPROVEMENT,C,23705,15.155043037253286,0.7853436003890122,N,7,1
31,31555,OTHER,11,EDUCATION,F,19330,14.98217316215213,0.11645033945341685,Y,26,0
68,107410,OWN,36,VENTURE,B,8912,7.202845658379329,0.25869599654724895,N,24,0
32,98617,RENT,16,HOMEIMPROVEMENT,A,4166,12.790320518908175,0.3935431358233042,N,29,0
42,73276,OWN,36,VENTURE,C,21286,9.821286917134733,0.38761964059290605,N,12,0
44,77492,OWN,38,HOMEIMPROVEMENT,F,6015,5.313918111925593,0.3823795226821964,N,13,0
54,73002,MORTGAGE,27,DEBTCONSOLIDATION,C,27127,12.201992615642265,0.14886921450600166,N,14,0
60,140103,RENT,34,EDUCATION,A,15698,6.796442588512095,0.12449669641650543,N,5,0
49,144938,OWN,17,HOMEIMPROVEMENT,B,4485,10.136600754503704,0.21126639319960988,N,8,0
36,109599,RENT,13,DEBTCONSOLIDATION,C,29975,6.850332423661889,0.7324756615036243,Y,3,0
68,92355,RENT,34,PERSONAL,B,19903,7.018832511127977,0.09931184458926301,Y,7,0
39,111248,MORTGAGE,6,DEBTCONSOLIDATION,D,4181,8.980225888303766,0.6083658316649266,N,7,0
67,44762,OWN,12,MEDICAL,G,26519,24.996984889728004,0.6084632305753633,Y,19,1
44,31046,RENT,17,HOMEIMPROVEMENT,C,28086,5.043682857144976,0.6497186190788372,N,21,0
41,116999,RENT,36,DEBTCONSOLIDATION,C,6129,17.773452722408106,0.7104262363015909,N,9,1
32,144130,OWN,12,VENTURE,C,28210,7.824873960531146,0.21779858025575494,N,9,0
38,136021,MORTGAGE,35,PERSONAL,A,30828,23.412562734215516,0.18740198072242814,N,9,0
68,48769,MORTGAGE,30,HOMEIMPROVEMENT,E,12778,6.872657866672585,0.377749476556709,N,9,0
55,73302,OTHER,1,MEDICAL,C,8917,24.10126374252473,0.21942044331410857,N,2,0
31,43150,MORTGAGE,15,DEBTCONSOLIDATION,C,9463,17.21852774966956,0.590104891296655,N,3,1
60,88247,RENT,8,PERSONAL,D,25509,5.025361538309805,0.5123922656257326,Y,13,0
38,24853,MORTGAGE,8,HOMEIMPROVEMENT,C,28175,22.88014395833612,0.7012402735615947,N,16,1
31,114613,OWN,37,PERSONAL,D,7231,15.434236027338367,0.07536325975478653,Y,5,0
28,140900,RENT,10,MEDICAL,A,11832,10.25339470660969,0.7329158333528791,N,29,0
26,109399,MORTGAGE,21,DEBTCONSOLIDATION,E,19677,20.345583550312604,0.24174541506937075,N,26,0
47,41792,RENT,32,PERSONAL,F,24218,23.5333110777374,0.3976485332823174,N,4,0
33,79129,MORTGAGE,35,PERSONAL,D,3411,14.673816462935878,0.35650303439231856,N,15,0
50,126019,OWN,22,EDUCATION,F,19299,11.311069488862218,0.610646204372495,N,23,0
38,94478,OWN,33,PERSONAL,B,15694,20.778902478698534,0.3420633144511556,N,24,0
66,133811,MORTGAGE,8,EDUCATION,C,5451,18.635709955769094,0.7554069850630335,N,9,1
35,134130,MORTGAGE,23,DEBTCONSOLIDATION,D,28833,22.775049675005448,0.7230017672844746,N,14,1
24,87298,OWN,7,HOMEIMPROVEMENT,C,22173,18.850280255223858,0.6990073100559102,N,24,1
54,51987,OWN,6,HOMEIMPROVEMENT,C,6065,9.870566777990726,0.06629408279210004,N,20,0
31,35850,RENT,35,DEBTCONSOLIDATION,B,23321,23.63318499518038,0.6848638686276122,N,23,1
44,32112,OWN,17,DEBTCONSOLIDATION,A,25994,7.096714944119826,0.6274920019001363,N,6,0
40,141789,RENT,2,VENTURE,C,34441,10.358855002136957,0.0917752281348435,Y,14,0
55,44058,MORTGAGE,27,DEBTCONSOLIDATION,B,9124,15.403892154477711,0.09485731709461527,N,29,0
42,65420,OWN,5,PERSONAL,D,1335,16.314840521418027,0.08991941109885752,N,27,0
35,58890,MORTGAGE,20,HOMEIMPROVEMENT,B,19146,5.306211732538109,0.018952748631545155,N,21,0
58,86017,RENT,27,MEDICAL,A,12324,20.6114545164188,0.443421101103721,N,2,1
64,67304,RENT,39,HOMEIMPROVEMENT,C,4315,12.23214636850779,0.7789814902344743,N,17,0
61,52921,MORTGAGE,0,EDUCATION,C,2929,13.128370820042756,0.35656091529083694,Y,24,0
58,125921,RENT,35,HOMEIMPROVEMENT,E,3107,21.187390888738914,0.4371984264910116,N,25,1
33,21524,RENT,20,VENTURE,C,26150,12.585667834550891,0.7746961394482649,N,3,0
50,120424,RENT,34,DEBTCONSOLIDATION,B,32853,5.944497529895097,0.21159396073164227,Y,8,0
24,35048,OTHER,12,DEBTCONSOLIDATION,E,12491,8.528795409407007,0.6881914995526277,N,7,0
54,55111,MORTGAGE,9,HOMEIMPROVEMENT,C,21668,24.118063447763646,0.44164846909727157,N,6,1
42,57904,RENT,9,MEDICAL,A,31599,6.408107248050284,0.45988644658377853,N,5,0
48,74912,RENT,12,MEDICAL,C,31916,12.098624019360324,0.281107347193754,N,3,0
62,54008,RENT,36,VENTURE,F,6080,15.063583341026892,0.4536516451638574,Y,11,1
30,20060,MORTGAGE,37,EDUCATION,C,7554,14.8656165467712,0.06778258248784431,N,23,0
37,94666,MORTGAGE,23,HOMEIMPROVEMENT,B,24590,5.079198860242855,0.6140684223651487,N,6,0
66,103559,RENT,1,DEBTCONSOLIDATION,A,16323,15.023254629149807,0.23490333161997465,N,19,0
31,75337,RENT,21,HOMEIMPROVEMENT,B,15839,12.675449159548185,0.7112105803002244,Y,11,0
28,130616,RENT,16,VENTURE,C,3991,24.441586709491144,0.3006020487398922,N,24,0
29,33350,MORTGAGE,35,PERSONAL,C,1206,8.183181679876597,0.12283104728463724,N,23,0
63,44354,MORTGAGE,13,PERSONAL,A,32457,12.0830839351899,0.5597464437511032,N,29,0
36,65186,RENT,9,VENTURE,F,16228,13.389629701796395,0.14001673432366726,Y,16,0
57,48145,RENT,34,DEBTCONSOLIDATION,D,7497,12.813870742018976,0.6054076072789625,Y,28,0
26,54020,RENT,24,VENTURE,C,25663,18.31661655303725,0.7748086667608322,Y,10,1
65,106123,OTHER,2,DEBTCONSOLIDATION,E,18218,9.310257150955376,0.6258467663482569,N,12,0
32,126667,RENT,37,MEDICAL,A,22472,9.421431056279836,0.027734906260746497,N,27,0
59,95186,MORTGAGE,16,VENTURE,C,18731,19.584218970017062,0.48390977256169204,N,22,1
61,105469,OWN,11,DEBTCONSOLIDATION,D,12626,15.005810373563593,0.5593744300660822,N,26,1
28,40581,RENT,23,VENTURE,E,24095,13.303113521146209,0.6621120773790653,N,26,0
69,108929,RENT,28,VENTURE,D,12618,8.384061033545036,0.05424182406181013,N,18,0
46,43051,RENT,24,DEBTCONSOLIDATION,B,3817,8.750544458243333,0.3892851840823062,N,22,0
21,71474,OWN,35,DEBTCONSOLIDATION,F,16004,5.2110327363180104,0.43294298938433157,Y,10,1
24,111748,MORTGAGE,25,EDUCATION,A,3557,6.828525377234184,0.14360864148890065,N,24,0
48,145995,OWN,37,VENTURE,E,27160,16.136773893804822,0.2647353496714132,N,17,0
56,134618,OWN,0,PERSONAL,G,902,22.837462600168198,0.3577751637423705,N,7,0
57,89626,RENT,19,VENTURE,B,9105,10.743295302611148,0.6682356534866633,N,23,0
38,26960,OTHER,27,VENTURE,D,16261,11.554944517922562,0.7442319771954635,N,12,0
27,55772,MORTGAGE,15,DEBTCONSOLIDATION,A,27543,7.312112212230244,0.5064540348449615,N,24,0
67,41520,RENT,16,VENTURE,C,34135,12.772618912142056,0.3220066969569551,N,18,0
64,69481,OTHER,39,HOMEIMPROVEMENT,C,14279,5.744434091386584,0.21068450406119893,Y,5,0
20,56408,OWN,27,VENTURE,C,15655,23.352013925238005,0.7858867957045589,Y,16,1
41,114006,OWN,11,HOMEIMPROVEMENT,F,33632,18.462226962490575,0.7865857984803232,Y,2,1
36,148496,MORTGAGE,26,PERSONAL,D,24351,24.814976187864378,0.7407317891056775,N,23,1
26,77134,MORTGAGE,29,DEBTCONSOLIDATION,C,15866,22.656463253569875,0.6306786284034772,N,21,1
44,40491,MORTGAGE,33,VENTURE,E,28908,14.459811873963053,0.2673658395590384,N,2,0
64,21341,RENT,36,HOMEIMPROVEMENT,F,7071,15.393700623007538,0.6554303819631283,N,10,1
23,64623,RENT,5,HOMEIMPROVEMENT,A,14517,8.811520930343876,0.33294648364422635,N,13,0
55,110327,MORTGAGE,6,HOMEIMPROVEMENT,G,4650,14.240786856791113,0.2681507475424857,Y,5,0
25,20338,RENT,31,MEDICAL,A,19923,23.060557469856235,0.5984436331883609,N,29,1
50,91431,RENT,31,EDUCATION,E,4637,6.0170684727164225,0.07292660282013408,N,23,0
38,32254,OWN,24,PERSONAL,B,30492,22.271136059966196,0.04836455140357274,N,14,0
63,71860,OWN,32,VENTURE,A,29402,11.818956032852196,0.3638834207731367,N,8,0
58,31344,OWN,6,MEDICAL,C,14333,22.990255301926197,0.3620546526495079,N,9,0
46,21750,MORTGAGE,11,VENTURE,D,1881,23.817598126829694,0.7175588809204296,Y,29,1
29,74756,RENT,15,VENTURE,C,8654,18.41729774003812,0.10966094606737527,N,14,0
45,87957,RENT,15,DEBTCONSOLIDATION,A,34735,18.28847573185356,0.1073943026874061,N,12,0
38,125423,RENT,35,DEBTCONSOLIDATION,C,13939,14.055086754174802,0.12648755437517192,Y,10,0
58,78053,MORTGAGE,12,DEBTCONSOLIDATION,F,19622,21.71080449087415,0.03349164642273606,N,26,0
22,90855,OWN,6,MEDICAL,C,24456,24.232255168665663,0.06666807287377763,N,25,0
64,35896,RENT,35,VENTURE,B,17764,20.501636006782384,0.5312971947949409,Y,17,1
32,75761,MORTGAGE,8,EDUCATION,C,3649,17.438734675134185,0.3509516200028323,Y,11,0
69,82552,MORTGAGE,31,PERSONAL,A,25160,17.135857916426737,0.6132464229995308,Y,12,1
47,140075,MORTGAGE,10,DEBTCONSOLIDATION,E,21028,21.989398031673247,0.7941521976795116,N,13,1
39,97454,MORTGAGE,7,DEBTCONSOLIDATION,E,1668,15.824075315425967,0.5306373980682111,Y,29,1
47,146522,RENT,32,VENTURE,C,15532,21.077197724976454,0.04985990078989776,N,15,0
27,138681,MORTGAGE,22,VENTURE,C,4016,15.177705103484914,0.09260466315592979,Y,20,0
60,110600,OWN,24,MEDICAL,D,20251,6.248885499478483,0.7059932270036192,N,13,0
58,142732,MORTGAGE,7,MEDICAL,C,30873,12.678940178083105,0.4267217962010266,N,19,0
20,132153,MORTGAGE,21,DEBTCONSOLIDATION,E,30770,13.888819153429974,0.6616213559226346,N,22,0
22,142926,MORTGAGE,3,VENTURE,D,10886,7.832344899732345,0.6867237456176917,Y,18,0
32,47935,MORTGAGE,39,EDUCATION,D,14657,7.049926583784256,0.7428628877846202,N,4,0
47,57641,RENT,2,PERSONAL,C,4126,15.709298993139083,0.760365072334229,N,2,1
68,49711,OWN,28,VENTURE,C,20900,6.7028727311216425,0.4483123792376119,N,20,0
44,90342,OTHER,28,VENTURE,F,16479,11.058903357801679,0.27940593608226677,N,5,0
52,126896,MORTGAGE,33,HOMEIMPROVEMENT,C,12029,19.89193951926152,0.769873250734919,N,24,1
57,32182,RENT,33,MEDICAL,D,17145,24.288643591359616,0.44245106074096796,N,29,1
25,107833,RENT,27,PERSONAL,B,26924,19.35741161103857,0.06075965113414273,Y,17,0
63,76276,RENT,12,DEBTCONSOLIDATION,D,13882,24.852510969057406,0.5177934745472934,N,13,1
64,39541,MORTGAGE,14,VENTURE,C,4525,18.96675942558805,0.47427095281205855,N,22,1
51,114457,MORTGAGE,22,DEBTCONSOLIDATION,B,14344,10.87588941308655,0.7176763695868178,N,22,0
64,102310,RENT,25,VENTURE,A,4675,18.44105081010724,0.5260178794346719,N,14,1
66,64813,OWN,3,DEBTCONSOLIDATION,D,31019,19.043135303938076,0.2857514153246256,N,18,0
40,57198,MORTGAGE,25,PERSONAL,D,9674,12.434539692329212,0.7733183233075982,N,9,0
35,28820,MORTGAGE,39,MEDICAL,C,3943,5.35427701218778,0.6432793939258066,Y,14,0
40,44070,OWN,8,PERSONAL,B,21895,19.06399569550974,0.5080299185212699,N,21,1
30,89768,OWN,4,HOMEIMPROVEMENT,D,11225,5.434001905510833,0.2414109106884671,N,27,0
56,31122,OWN,31,EDUCATION,A,33961,17.623761561201423,0.30509683408829347,N,6,0
55,100559,RENT,19,MEDICAL,C,31851,8.272329774851102,0.5392762400363588,Y,19,0
54,93543,OWN,10,PERSONAL,B,18696,16.31207055496087,0.06686484658602415,N,16,0
38,103441,MORTGAGE,14,HOMEIMPROVEMENT,B,14754,15.078260507612,0.21277766740370815,N,13,0
39,61786,MORTGAGE,31,EDUCATION,B,14521,5.270272846123651,0.5739817373833125,N,18,0
37,114934,OWN,27,HOMEIMPROVEMENT,C,6224,12.257316339902069,0.38921462277725055,N,26,0
66,119804,MORTGAGE,21,VENTURE,A,29190,17.021823347926055,0.32789091620339983,N,16,0
60,26737,RENT,16,VENTURE,C,1907,21.972131037975593,0.12965152169632746,N,3,0
68,56062,OWN,25,DEBTCONSOLIDATION,C,8532,22.772842276730344,0.3590607372374088,N,7,0
33,74237,RENT,6,MEDICAL,C,18294,14.676999400664466,0.6188466569005848,N,18,0
34,71571,RENT,25,VENTURE,C,20381,19.568449745988765,0.2185701483967955,N,17,0
50,45510,MORTGAGE,24,HOMEIMPROVEMENT,E,21256,11.329091530669153,0.014264848325105156,N,18,0
20,39426,OTHER,9,MEDICAL,A,29916,11.84372811517315,0.5381188719092764,N,26,0
22,57265,RENT,18,VENTURE,C,26252,8.889270383646275,0.7783750175017166,N,21,0
35,37850,OWN,10,DEBTCONSOLIDATION,A,13426,16.238962199864787,0.48939298523498054,Y,10,1
42,138249,MORTGAGE,12,PERSONAL,A,34265,11.291283018547304,0.10473826855243282,Y,28,0
30,86150,RENT,7,DEBTCONSOLIDATION,C,14890,6.687417928770101,0.26337914295229176,Y,6,0
31,107312,OWN,39,EDUCATION,C,22439,18.700121733263575,0.6954368756289765,Y,24,1
29,109613,MORTGAGE,3,VENTURE,E,27807,19.15506415210796,0.1937287786628946,Y,2,1
51,94910,OWN,30,EDUCATION,C,31328,12.199848375581157,0.4900797637631104,N,7,0
35,72375,RENT,27,EDUCATION,F,29013,6.534467989120456,0.3281102545206583,N,25,0
27,141826,RENT,10,HOMEIMPROVEMENT,A,25002,13.525954348068518,0.17419653992152273,N,15,0
57,55435,MORTGAGE,0,MEDICAL,A,30563,13.84670916100431,0.652591445916097,N,18,0
31,116443,OWN,37,HOMEIMPROVEMENT,A,22986,18.37341769795786,0.5968367084078954,N,26,1
43,77132,RENT,23,VENTURE,B,32192,11.30832782517367,0.5326569421078197,N,20,0
47,98945,MORTGAGE,30,EDUCATION,C,16458,18.65198559562611,0.19670590631231347,N,2,0
27,102050,RENT,25,PERSONAL,D,17732,22.429770835147767,0.08730703214599553,N,2,0
47,149828,MORTGAGE,4,EDUCATION,A,11248,9.749720847243996,0.4651658705625133,Y,14,0
55,115402,RENT,19,PERSONAL,F,11014,24.578391122397996,0.44740548849615236,Y,15,1
45,22983,OTHER,10,HOMEIMPROVEMENT,E,23238,12.727362742736139,0.1588241573745497,N,28,0
27,117241,RENT,32,HOMEIMPROVEMENT,B,9195,10.345173702941235,0.05443488850898627,Y,7,0
69,40662,RENT,37,MEDICAL,A,8570,13.43022365020581,0.07375967881324892,N,28,0
47,43510,RENT,26,EDUCATION,B,28265,6.887949518077184,0.7942890793450598,N,7,0
47,98187,RENT,33,DEBTCONSOLIDATION,A,31261,7.514118130242313,0.6290312768468782,N,2,0
56,60998,MORTGAGE,14,HOMEIMPROVEMENT,A,17198,13.288680939366628,0.7383701060124864,Y,15,0
60,76846,OTHER,31,HOMEIMPROVEMENT,C,15623,20.248890438782002,0.16409323056672706,N,4,0
55,114071,RENT,20,MEDICAL,B,26116,23.00624479148982,0.7688491436955137,N,24,1
46,26640,OWN,4,PERSONAL,C,11682,18.29635981432542,0.12269693766379804,N,11,0
36,64547,MORTGAGE,5,MEDICAL,G,25333,7.104391104763394,0.4121746445675122,Y,20,1
28,74620,MORTGAGE,37,EDUCATION,D,33842,18.440395243610702,0.6654595906894806,Y,20,1
52,35317,OWN,21,VENTURE,F,31831,17.70855841405944,0.2863446500641477,Y,20,1
39,135608,RENT,17,VENTURE,A,26628,21.115278365866626,0.34561454120975144,Y,29,0
32,27564,OWN,13,PERSONAL,C,32056,21.50497333304362,0.1112662371362873,N,24,0
47,47345,MORTGAGE,9,HOMEIMPROVEMENT,C,22469,22.36406151557958,0.10710828519918847,Y,5,0
67,133824,RENT,12,PERSONAL,A,22376,13.282630291581967,0.4994588975751411,N,21,0
48,114223,OWN,30,HOMEIMPROVEMENT,A,9449,18.957287907042886,0.5436705712098449,N,20,1
32,143372,RENT,29,HOMEIMPROVEMENT,D,25018,10.365007178446215,0.6240926861249327,Y,11,0
65,99273,MORTGAGE,2,VENTURE,D,6170,24.986725599670084,0.4497788216185853,N,28,1
54,94859,RENT,29,PERSONAL,C,24599,8.5066848275372,0.5201498408864317,N,26,0
25,100765,OWN,5,MEDICAL,C,13216,5.202288633216716,0.020678644642778847,N,3,0
37,130017,OWN,28,HOMEIMPROVEMENT,C,8337,7.97617429036352,0.13811487443837858,N,5,0
24,94038,OWN,7,DEBTCONSOLIDATION,A,19659,20.517445790882533,0.7880826651533547,N,25,1
66,143618,RENT,32,DEBTCONSOLIDATION,B,22060,13.93567353016423,0.07003486998950711,N,7,0
44,72393,OWN,16,MEDICAL,B,17606,13.950004956208566,0.5462426955855936,N,8,0
21,86081,OWN,10,DEBTCONSOLIDATION,A,9220,24.10045839223337,0.14910528009505583,N,17,0
29,145341,OWN,12,EDUCATION,F,28862,23.392698160561483,0.5762076827564372,N,8,1
49,122650,OWN,10,HOMEIMPROVEMENT,C,28758,11.223894756080185,0.5677324183399749,N,19,0
69,49430,MORTGAGE,30,MEDICAL,D,22282,9.181162575617323,0.19501725723259128,N,21,0
64,95532,MORTGAGE,27,PERSONAL,B,21620,21.969644198674793,0.22301117538317133,N,27,0
24,47788,RENT,5,HOMEIMPROVEMENT,C,20290,23.120381420887263,0.5272688637456497,N,27,1
52,115505,MORTGAGE,15,MEDICAL,B,28412,15.831938455969738,0.3181679706363688,Y,23,0
20,68543,OWN,3,VENTURE,A,19656,17.588474222342008,0.16369289606292992,N,20,0
37,33919,RENT,34,PERSONAL,B,11172,10.138285693845868,0.5880268830421106,N,10,0
51,89346,RENT,25,VENTURE,D,14944,21.016053759570493,0.131776544225704,N,21,0
66,116122,RENT,11,HOMEIMPROVEMENT,D,7284,17.642448568980463,0.6859584946745079,N,11,1
68,59974,MORTGAGE,10,PERSONAL,C,18429,15.070270225959932,0.41658892400094377,N,14,1
30,127309,MORTGAGE,36,DEBTCONSOLIDATION,C,1570,6.2021711215679165,0.09350347706464754,N,19,0
40,36371,MORTGAGE,24,MEDICAL,F,23406,23.318699250223073,0.5583171434894777,Y,17,1
45,65084,OWN,17,HOMEIMPROVEMENT,A,3439,17.30902840768812,0.420138801263887,N,23,1
44,49629,OWN,18,EDUCATION,B,30341,8.85382189385936,0.24546548171789953,N,18,0
41,71184,RENT,22,PERSONAL,B,16801,17.127722339661055,0.34380611037684533,N,23,0
46,81916,RENT,37,PERSONAL,D,7694,18.549267084799467,0.24568681743412404,N,14,0
68,147293,OWN,17,HOMEIMPROVEMENT,G,6351,15.51540673366451,0.2177904102367994,N,13,0
32,93972,RENT,25,HOMEIMPROVEMENT,B,16878,19.362034759120448,0.13925065246653265,N,11,0
52,82187,RENT,5,VENTURE,E,1178,16.629078958572485,0.296586035178606,N,2,0
53,32984,OWN,3,DEBTCONSOLIDATION,E,31140,23.955391640642965,0.2082798929896959,N,9,0
60,53039,MORTGAGE,28,VENTURE,B,34256,6.073941571986136,0.5499132447725945,Y,22,0
54,105431,OTHER,33,VENTURE,C,30277,7.12491416939121,0.5502626255190121,N,23,0
20,103691,MORTGAGE,16,DEBTCONSOLIDATION,C,26683,8.473432739086796,0.4064537916189544,N,19,0
40,78606,OWN,15,EDUCATION,G,27945,18.803421412086642,0.6245761767015536,N,3,1
67,30616,OWN,1,VENTURE,B,2002,17.91191745499617,0.6746583780147781,Y,17,1
25,122665,OWN,33,VENTURE,D,22165,22.84117720419388,0.4680155013730758,N,13,1
47,125373,MORTGAGE,7,PERSONAL,B,16698,19.65754905767797,0.49895877858311266,N,10,1
36,70072,RENT,12,DEBTCONSOLIDATION,D,21911,15.167109751291845,0.23347986873122853,N,4,0
24,44574,OWN,7,MEDICAL,C,16367,24.836635849272607,0.7169466685573607,N,23,1
50,23430,MORTGAGE,29,EDUCATION,C,14766,10.322159123385983,0.029122775093798563,N,27,0
24,139123,RENT,31,EDUCATION,E,31713,21.663833195709078,0.2853959508598481,N,22,0
57,32676,OWN,35,DEBTCONSOLIDATION,E,7867,13.535807443878387,0.5802223330243863,N,29,0
22,30816,OWN,29,HOMEIMPROVEMENT,E,13990,17.974702777514686,0.07327071264021738,N,5,0
42,52733,RENT,0,HOMEIMPROVEMENT,A,9719,19.545369409048682,0.1547039266683512,N,27,0
56,105680,RENT,38,PERSONAL,D,6810,17.67508174380673,0.4755357250116524,N,3,1
56,22050,RENT,16,PERSONAL,A,30131,7.8101460621718655,0.4523950004562108,Y,9,0
29,129996,RENT,19,DEBTCONSOLIDATION,C,15244,13.859020214958655,0.5937533539434545,Y,11,0
29,53933,RENT,23,PERSONAL,C,20367,16.228767558662486,0.6519639848796558,N,17,1
38,44951,MORTGAGE,21,EDUCATION,C,19125,21.980875183571936,0.11157786702421861,N,24,0
36,52413,RENT,28,EDUCATION,C,6878,13.872914975971447,0.02452098192244122,N,12,0
40,54801,OWN,21,MEDICAL,G,19649,23.37494609608503,0.5548144305305358,N,19,1
33,75619,RENT,8,HOMEIMPROVEMENT,A,11922,13.807484460504213,0.2480995186554238,N,23,0
28,52913,MORTGAGE,36,DEBTCONSOLIDATION,D,28426,15.975597185260233,0.5045272919951833,N,15,1
65,132573,RENT,9,VENTURE,C,33671,20.92571365885602,0.12893022456915754,N,9,0
20,139076,OWN,35,HOMEIMPROVEMENT,A,13680,16.661353688442873,0.3805416368661107,N,24,0
64,60600,MORTGAGE,36,VENTURE,B,27801,24.204361447656492,0.4084955493901152,N,16,1
32,77775,MORTGAGE,27,MEDICAL,F,24514,18.20671661028255,0.4722114749348407,N,18,1
23,110816,RENT,27,MEDICAL,E,31436,15.454189081352022,0.4154043129011459,N,22,1
20,149972,MORTGAGE,20,PERSONAL,F,14836,5.471839355615917,0.401595708480684,N,19,0
68,110093,OWN,23,MEDICAL,G,22700,13.274657951606596,0.2728599816472459,Y,7,0
59,132590,OWN,39,MEDICAL,B,5970,10.984968385203208,0.06623238669128813,Y,24,0
51,55400,RENT,1,VENTURE,C,31359,19.962113357749786,0.08072095546950542,N,15,0
53,24494,RENT,7,PERSONAL,D,15453,9.165553503070916,0.3526848367816514,N,24,0
47,100688,MORTGAGE,26,MEDICAL,C,27933,9.104401745881436,0.2910765709785845,N,4,0
50,142744,OWN,21,HOMEIMPROVEMENT,C,26457,8.790380864747537,0.41774649569285327,N,8,0
27,109431,OWN,36,MEDICAL,C,7023,7.512312263124718,0.25082215371245087,N,16,0
58,94691,MORTGAGE,26,PERSONAL,C,21887,11.220140073417749,0.5534489722497062,N,22,0
45,117419,MORTGAGE,28,DEBTCONSOLIDATION,C,31669,22.718442288868502,0.6925243093875134,N,25,1
53,128730,RENT,2,PERSONAL,B,23490,20.4985694461191,0.2461019191416255,N,29,0
22,63001,OWN,12,VENTURE,C,30161,19.70502432613587,0.1624573662718326,Y,17,0
69,87364,RENT,9,DEBTCONSOLIDATION,C,13919,20.946736112999254,0.1017826536607304,N,17,0
31,144988,MORTGAGE,35,HOMEIMPROVEMENT,C,14957,10.388357786591433,0.4968406920509419,N,9,0
20,65028,MORTGAGE,8,EDUCATION,B,2564,22.748833815049757,0.36064623300104987,N,8,0
63,127434,OTHER,26,PERSONAL,D,11066,7.746067502832088,0.15853241658506828,N,7,0
24,117659,RENT,33,VENTURE,A,33585,11.72691453431164,0.5259780193005658,N,3,0
49,57573,RENT,0,HOMEIMPROVEMENT,C,32028,16.734962379346857,0.1273017145741747,N,23,0
49,20806,RENT,31,DEBTCONSOLIDATION,D,6630,7.058101766840013,0.44789755761988254,N,14,0
36,144343,RENT,24,HOMEIMPROVEMENT,C,2542,19.6026037555285,0.42644722148395914,N,13,1
67,76638,RENT,28,PERSONAL,B,5098,12.7449209640695,0.5900399629370059,N,16,0
66,148301,MORTGAGE,6,MEDICAL,D,33386,20.688113312168,0.05353661555312674,Y,28,0
42,146295,RENT,2,PERSONAL,C,33977,14.857925711692054,0.711419616162551,N,10,0
34,126506,RENT,19,EDUCATION,D,29216,8.617490488506727,0.5653634636559874,Y,3,0
56,49757,MORTGAGE,19,PERSONAL,D,13101,19.69523622710689,0.18073953869552217,N,18,0
40,54636,OWN,29,DEBTCONSOLIDATION,D,8561,10.04287911677887,0.15489022540169436,Y,28,0
33,100097,MORTGAGE,34,DEBTCONSOLIDATION,C,9109,14.816206025360856,0.35101156917358894,N,6,0
21,68280,RENT,34,PERSONAL,A,17985,6.510665383138152,0.6558766103402316,N,12,0
30,44262,OWN,38,DEBTCONSOLIDATION,B,21305,17.357333088240736,0.6759304945798946,N,23,1
58,100435,RENT,26,MEDICAL,C,8357,18.317155324325544,0.4211603127901126,Y,20,1
57,82211,RENT,25,HOMEIMPROVEMENT,C,12120,12.57348419945567,0.6900405815225227,N,25,0
53,74842,MORTGAGE,13,PERSONAL,C,8677,24.088455606421476,0.014300530261435553,N,8,0
57,148583,RENT,16,MEDICAL,B,30611,22.483378429641366,0.037787958909961325,N,3,0
69,76979,OWN,17,HOMEIMPROVEMENT,A,23542,19.158818314799895,0.7303390589730269,Y,17,1
53,134524,OWN,28,HOMEIMPROVEMENT,C,19145,19.273041489874853,0.6225122246098737,N,13,1
37,101470,RENT,19,MEDICAL,B,24905,10.048034298843024,0.3660577860178047,Y,24,0
49,58197,MORTGAGE,26,VENTURE,D,12326,18.13630462176898,0.6053520038676099,N,16,1
34,61844,RENT,17,PERSONAL,A,14390,8.964125304710393,0.7649551747615031,N,2,0
46,84754,MORTGAGE,3,HOMEIMPROVEMENT,C,17392,7.880064478396442,0.6199507238662152,N,26,0
53,121868,OTHER,0,HOMEIMPROVEMENT,F,9984,24.989357884051604,0.6754733537164744,N,14,1
57,54157,OWN,0,DEBTCONSOLIDATION,B,5995,17.44751862946348,0.6108791992981488,N,24,1
52,97129,MORTGAGE,25,HOMEIMPROVEMENT,C,28981,13.61975745314381,0.14288676302249786,N,7,0
43,60042,RENT,19,MEDICAL,A,11767,10.763290457679027,0.668523546620132,N,14,0
34,81665,OWN,22,HOMEIMPROVEMENT,D,7243,17.07840887324455,0.16413596781912596,N,19,0
49,135512,RENT,9,VENTURE,C,27069,5.991870164401723,0.7151629491548762,N,4,0
61,136953,MORTGAGE,10,PERSONAL,C,29052,6.893619810095901,0.37233341948405,N,2,0
36,102856,OTHER,4,PERSONAL,C,29448,5.657133954807927,0.5448116343257126,N,16,0
24,47376,RENT,0,HOMEIMPROVEMENT,E,11275,14.983396665253235,0.4028202698257084,N,27,0
48,129049,MORTGAGE,16,EDUCATION,B,4057,17.01213258374365,0.0842528342391156,N,14,0
23,75554,RENT,21,EDUCATION,A,4087,6.2495952271564175,0.23967062302032544,N,6,0
29,34199,OWN,33,MEDICAL,E,17035,19.42448934997833,0.7871481646576348,Y,26,1
36,138533,OWN,28,EDUCATION,C,1454,9.607901430291289,0.7689646538191558,N,14,0
29,101412,OTHER,3,MEDICAL,E,24044,18.704029075397322,0.26318464914788237,N,23,0
36,70948,OWN,4,DEBTCONSOLIDATION,C,33955,24.637942800704913,0.7970744753537284,N,6,1
39,93781,RENT,10,MEDICAL,E,15638,18.822117401077023,0.6779854444425507,N,29,1
43,92750,RENT,20,EDUCATION,C,3627,22.663861058472172,0.49265800455148123,N,20,1
24,86262,RENT,34,HOMEIMPROVEMENT,D,23647,23.96397013486135,0.0416984500061975,N,22,0
53,137424,RENT,11,DEBTCONSOLIDATION,F,12059,14.73502096704631,0.7221429953353199,N,25,0
25,66600,RENT,25,EDUCATION,C,3895,19.046499588394138,0.4503691306188126,N,29,1
21,96898,MORTGAGE,18,MEDICAL,B,25889,22.039385071116836,0.696096159450188,Y,19,1
32,82483,OWN,6,VENTURE,B,1345,12.132178257487723,0.6691990047255365,N,22,0
62,38297,OWN,6,PERSONAL,B,34432,10.227946331207898,0.668074910008858,N,23,0
62,50448,RENT,25,EDUCATION,B,14231,23.931971455566774,0.561557349964775,N,11,1
67,46172,MORTGAGE,39,MEDICAL,B,33622,19.52607000737636,0.24021795955407843,Y,25,0
30,62874,MORTGAGE,4,DEBTCONSOLIDATION,C,4332,9.393642667516527,0.2755666036181707,Y,9,0
66,27657,RENT,20,EDUCATION,C,32832,13.981667853522268,0.2536906779403222,Y,16,0
42,104386,MORTGAGE,13,EDUCATION,C,12967,20.929035390756187,0.02583633963072611,Y,22,0
35,145617,OWN,3,PERSONAL,D,13607,15.941259818368842,0.4702294382797009,N,26,1
50,45425,RENT,22,MEDICAL,A,12958,17.99904196331778,0.562078599652366,N,21,1
30,46685,OWN,19,VENTURE,A,29166,20.075364040901047,0.6845541348849108,N,29,1
35,142000,OWN,14,DEBTCONSOLIDATION,B,3081,17.440183776179612,0.12073069237235698,N,26,0
27,132855,RENT,28,MEDICAL,C,10082,15.801586438443916,0.4399046876916734,N,28,1
23,44578,MORTGAGE,7,DEBTCONSOLIDATION,B,8918,19.99228568775547,0.01632643113228846,Y,24,0
59,48831,MORTGAGE,18,EDUCATION,B,28591,19.551260708644016,0.08512398169147628,N,23,0
23,27906,MORTGAGE,38,PERSONAL,C,29613,17.59744800366358,0.05282727792273452,N,5,0
44,81413,OWN,27,PERSONAL,E,19327,12.195788267638592,0.5831276468722347,Y,3,1
22,74028,OWN,26,HOMEIMPROVEMENT,A,14919,13.116241844005431,0.0740370554633065,N,25,0
51,27287,MORTGAGE,3,VENTURE,D,12314,24.408770977681947,0.5759978554314441,N,7,1
22,53660,OWN,14,PERSONAL,D,34304,7.247718645830517,0.2072035164843609,Y,29,0
46,95758,RENT,34,EDUCATION,D,10524,10.370098345056707,0.7033932389505823,Y,4,0
48,80504,OWN,36,VENTURE,F,7935,14.848035184086715,0.6523884908074132,N,8,0
51,79720,MORTGAGE,0,MEDICAL,A,2048,21.734593722875715,0.7666858718054685,Y,11,1
69,122979,OWN,2,PERSONAL,B,5565,8.273513274594556,0.7081719922118452,N,24,0
38,54701,RENT,23,VENTURE,E,23380,10.539092362492198,0.7473302411019144,Y,7,1
40,103300,MORTGAGE,26,EDUCATION,C,3907,6.31596435590478,0.6884064932455132,N,17,0
24,130177,RENT,39,HOMEIMPROVEMENT,C,33907,19.11970532101637,0.5577717014857357,N,3,1
37,37674,RENT,35,DEBTCONSOLIDATION,D,33440,9.764188709512322,0.14450473017909443,N,25,0
47,103560,RENT,33,DEBTCONSOLIDATION,D,6166,12.773495013419009,0.22464893989473345,N,18,0
61,131543,RENT,28,EDUCATION,F,25592,13.874028940593357,0.17805430324291577,N,14,0
41,43874,MORTGAGE,23,EDUCATION,G,10609,22.826278712129113,0.48683277224998245,N,2,1
40,63642,OWN,23,DEBTCONSOLIDATION,D,27005,13.226605806624736,0.4078597509991451,N,7,0
25,143867,RENT,3,HOMEIMPROVEMENT,B,8246,7.904500398304981,0.6949931977551548,Y,6,0
20,117820,MORTGAGE,2,VENTURE,E,12475,15.48629876680242,0.7626115645342698,Y,26,1
24,85160,MORTGAGE,33,DEBTCONSOLIDATION,A,16096,24.259159892972594,0.32983931279833406,N,14,0
60,37602,MORTGAGE,22,EDUCATION,B,34361,17.15371282101622,0.4100169370918418,N,29,1
31,123320,RENT,22,PERSONAL,E,4380,24.66774440921145,0.77749792187527,N,24,1
45,108801,OWN,4,MEDICAL,B,3285,21.822146178777402,0.22822876388228341,N,19,0
65,45931,OTHER,30,HOMEIMPROVEMENT,B,22949,5.719315124268256,0.6359887125334628,N,13,0
53,114377,MORTGAGE,5,HOMEIMPROVEMENT,A,15299,18.167991907540838,0.18793952284484458,N,8,0
68,49192,RENT,36,PERSONAL,E,4490,10.735337551157674,0.5483534911859649,N,16,0
33,66542,RENT,9,PERSONAL,C,19573,16.192337112894478,0.2103563458344657,Y,4,0
45,147015,OWN,39,EDUCATION,D,15049,10.586903818624531,0.7081493771767956,N,17,0
64,62520,MORTGAGE,6,DEBTCONSOLIDATION,B,18759,11.977408332105808,0.4535675755519747,N,2,0
46,84772,OWN,38,VENTURE,D,20290,23.463374235083588,0.15688757629076383,N,28,0
28,78762,OWN,37,HOMEIMPROVEMENT,D,10479,9.132863697834106,0.18725164880180398,N,17,0
45,70106,RENT,20,HOMEIMPROVEMENT,B,20816,22.48218236051661,0.40014086460939924,N,25,1
66,101121,MORTGAGE,19,PERSONAL,C,26683,5.609156161409937,0.7696656002041543,N,13,0
41,45559,MORTGAGE,2,DEBTCONSOLIDATION,B,28824,6.8175307673929675,0.6180173094680871,Y,20,0
66,125595,RENT,21,HOMEIMPROVEMENT,G,25124,22.093500827685272,0.3957646178324177,Y,28,1
49,53742,MORTGAGE,3,VENTURE,D,20745,17.611120618183907,0.2767981242041515,N,9,0
62,89669,OTHER,27,PERSONAL,F,24290,19.944722760791006,0.4439221097452697,N,24,1
67,100199,RENT,11,VENTURE,B,27256,9.188353416437085,0.6012050584086096,N,13,0
36,41754,OWN,37,DEBTCONSOLIDATION,D,3333,15.74166911180207,0.629303584877712,N,16,1
45,23972,RENT,35,HOMEIMPROVEMENT,D,5785,19.744384471426095,0.2664409504965863,Y,3,0
55,90831,MORTGAGE,4,MEDICAL,D,10089,17.54628274020525,0.579715821888963,N,18,1
20,132217,OWN,12,HOMEIMPROVEMENT,F,14616,14.43397533782419,0.5296531362285871,N,8,0
27,61873,OWN,22,DEBTCONSOLIDATION,C,8145,24.195675728754296,0.7676987106770722,N,14,1
68,114661,MORTGAGE,29,HOMEIMPROVEMENT,A,29650,18.523146669068907,0.7455613295013318,Y,2,1
54,126532,RENT,36,HOMEIMPROVEMENT,D,11389,23.15501600482476,0.6336096672268259,N,7,1
34,146267,MORTGAGE,24,EDUCATION,D,30786,19.595410231473625,0.5814818041953935,N,14,1
66,29903,OWN,26,HOMEIMPROVEMENT,C,16494,19.709270571953663,0.22649285586637793,N,12,0
41,23020,RENT,13,HOMEIMPROVEMENT,B,25162,6.600365395153586,0.6783125523178414,N,11,0
33,61755,MORTGAGE,35,VENTURE,C,27139,12.189292437078871,0.3477295059335593,N,17,0
45,105956,MORTGAGE,38,MEDICAL,B,17705,22.167388134393168,0.22507002857977532,N,28,0
47,106988,RENT,15,VENTURE,C,33430,9.65207724297512,0.3134869987832354,Y,27,0
42,65648,MORTGAGE,21,VENTURE,D,8277,7.310117323129324,0.6703890371130413,N,25,0
33,123537,MORTGAGE,20,PERSONAL,D,28815,11.522121132775869,0.12742024030652915,N,24,0
43,145991,RENT,20,EDUCATION,B,27473,9.408757697852279,0.3703654054846598,N,21,0
21,29516,OTHER,7,VENTURE,C,18816,23.505763895863105,0.3989624996782969,Y,18,0
64,132863,RENT,15,DEBTCONSOLIDATION,B,27804,22.359332840042622,0.038937461103067325,Y,18,0
45,135005,RENT,30,DEBTCONSOLIDATION,B,31022,14.993664605658083,0.16463936334305063,N,5,0
33,22396,RENT,9,HOMEIMPROVEMENT,D,22840,6.22687748967736,0.6631265185749267,N,6,0
26,104082,MORTGAGE,31,PERSONAL,F,20330,19.291246921863127,0.6663062369898609,N,29,1
22,39129,MORTGAGE,33,EDUCATION,C,13903,17.46823462672529,0.24100791626855592,N,24,0
66,148322,RENT,8,EDUCATION,D,15016,24.41109341456992,0.7011688153323618,N,15,1
42,21591,OWN,16,HOMEIMPROVEMENT,E,19591,16.17906480540754,0.6197085218639948,Y,21,1
65,31303,OWN,10,DEBTCONSOLIDATION,E,8459,11.727874468058188,0.34014691219837345,N,11,0
62,50561,RENT,31,MEDICAL,B,32432,15.380433871571116,0.6012410120799799,N,15,1
66,91719,MORTGAGE,9,PERSONAL,F,31054,24.585265828090325,0.769454358643897,N,29,1
64,138618,MORTGAGE,21,HOMEIMPROVEMENT,C,3885,18.92724865066061,0.37258607727162557,N,2,0
37,112108,OWN,16,PERSONAL,B,34190,18.439522758541024,0.1983574713732521,N,12,0
57,148748,OTHER,3,DEBTCONSOLIDATION,A,10867,9.813631794517708,0.7540350350396231,N,27,0
54,119616,OWN,24,DEBTCONSOLIDATION,C,33832,19.87205035121235,0.48695798796497264,Y,24,1
34,144165,OTHER,20,MEDICAL,A,20142,20.005436589435433,0.09315947835953597,N,19,0
44,106231,MORTGAGE,36,MEDICAL,B,11289,11.345779675518106,0.4624194245267847,N,17,0
56,27314,OWN,37,EDUCATION,B,21450,14.674276647814263,0.405458902664156,N,28,0
47,137071,RENT,0,PERSONAL,E,26063,10.89206665880912,0.6859152263196951,Y,19,1
29,39623,MORTGAGE,24,PERSONAL,E,33491,10.174101406485734,0.4292491999131819,Y,9,1
58,87675,OWN,35,DEBTCONSOLIDATION,B,850,5.517921404989703,0.21163362313198394,N,29,0
36,132992,RENT,16,EDUCATION,E,18812,10.704234893066642,0.5437588104532619,N,11,0
58,116826,RENT,23,HOMEIMPROVEMENT,E,24627,16.079398997565498,0.43863460750310834,N,27,1
41,85082,OWN,1,PERSONAL,D,29353,5.032023750980576,0.19410525633082926,N,11,0
45,149839,OWN,39,EDUCATION,A,34285,10.664381676193349,0.4631660077748972,N,6,0
63,103624,MORTGAGE,14,EDUCATION,D,19110,22.628206646465003,0.659013106532852,N,11,1
44,125228,MORTGAGE,31,DEBTCONSOLIDATION,F,24090,16.87297170214722,0.03257102500196825,N,19,0
36,53130,RENT,38,EDUCATION,D,29943,17.15725648161961,0.5083723205296382,N,22,1
32,71756,MORTGAGE,5,MEDICAL,B,7670,13.067286100527065,0.28617230466966975,N,25,0
39,117624,RENT,0,MEDICAL,C,13803,18.52944286984822,0.2412104421499451,N,7,0
44,46292,MORTGAGE,22,VENTURE,D,6707,8.798655324607182,0.32014432278527793,N,4,0
23,131785,MORTGAGE,38,DEBTCONSOLIDATION,C,12816,21.37493620768383,0.28019790475590556,Y,9,0
29,147331,OWN,16,HOMEIMPROVEMENT,A,6740,7.333782398717997,0.6674688942996689,N,10,0
22,106206,MORTGAGE,33,VENTURE,B,2393,18.120027093062184,0.22709027050664146,N,6,0
60,89274,RENT,28,MEDICAL,E,14253,11.82298651639366,0.5891908882542025,N,3,0
64,22469,OWN,8,VENTURE,E,11732,19.950259411649537,0.08430725798058508,N,3,0
37,73947,MORTGAGE,12,DEBTCONSOLIDATION,A,18009,15.9952910253204,0.7616031342626883,N,8,1
66,42534,OWN,5,DEBTCONSOLIDATION,F,3617,14.047060769574324,0.5016301434263559,Y,18,1
55,83620,RENT,5,EDUCATION,B,4542,8.38844804186494,0.5683076758652025,Y,11,0
66,68874,OWN,19,PERSONAL,D,27246,17.736429285687056,0.2454510723546163,N,13,0
41,69708,MORTGAGE,2,EDUCATION,D,14516,24.49539686840826,0.33555628927941056,N,3,0
53,94553,RENT,16,DEBTCONSOLIDATION,E,25522,21.5120684981403,0.18678492515407125,N,11,0
66,88344,RENT,11,MEDICAL,F,28438,6.2001638517802355,0.7467035077837569,N,21,0
27,69138,MORTGAGE,0,HOMEIMPROVEMENT,B,9287,12.524587567223822,0.3956025132100884,N,2,0
59,74302,MORTGAGE,16,MEDICAL,E,2486,23.511660183805436,0.5080540113698121,N,5,1
68,67638,RENT,2,EDUCATION,A,11442,15.060874951140429,0.5900749041192652,N,14,1
63,98249,RENT,25,HOMEIMPROVEMENT,D,17958,18.242236516163583,0.3031738119686358,Y,13,0
38,125865,RENT,14,DEBTCONSOLIDATION,D,12661,23.25198691182781,0.5788803070859216,N,12,1
61,22719,RENT,35,MEDICAL,D,21189,22.475893808397615,0.5440340669075088,Y,11,1
60,42890,OWN,31,DEBTCONSOLIDATION,B,29663,15.03640751081022,0.5674708737604178,Y,16,1
56,97236,MORTGAGE,31,HOMEIMPROVEMENT,E,34237,13.752926053152041,0.3964916211616442,N,6,0
25,56509,MORTGAGE,3,HOMEIMPROVEMENT,B,9272,11.793852369591741,0.31252053201037755,Y,26,0
45,62534,OWN,17,MEDICAL,A,1711,19.38038886325782,0.18544492868510198,N,18,0
53,122302,RENT,18,DEBTCONSOLIDATION,D,729,10.739735989430866,0.6614548187127054,N,29,0
64,112241,MORTGAGE,34,VENTURE,C,14845,9.997752128618004,0.4905965367600262,N,6,0
25,38787,OWN,39,DEBTCONSOLIDATION,E,32319,12.124997892075601,0.3610382349170211,N,3,0
56,146209,OTHER,13,HOMEIMPROVEMENT,C,17385,8.54430113757584,0.755756766301383,Y,10,0
